date,open,close,low,high
2016-12-19,262.45,262.76,262.02,263.5
2016-12-20,262.88,262.06,261.42,263.7
2016-12-21,262.4,260.97,258.6,262.65
2016-12-22,261.18,260.0,259.05,261.18
2016-12-23,258.95,260.07,258.7,260.37
2016-12-26,260.0,261.4,259.8,261.45
2016-12-27,261.4,261.67,260.6,261.79
2016-12-28,262.5,261.91,260.11,262.9
2016-12-29,261.6,262.99,260.8,263.2
2016-12-30,262.84,263.9,261.0,265.8
2017-01-03,264.04,263.65,258.0,265.2
2017-01-04,263.99,264.87,263.2,265.0
2017-01-05,265.98,264.73,264.0,265.98
2017-01-06,264.9,265.29,263.5,265.65
2017-01-09,265.06,265.89,264.66,266.0
2017-01-10,265.89,268.11,265.89,268.6
2017-01-11,268.88,269.09,268.0,269.88
2017-01-12,269.0,269.33,266.75,269.77
2017-01-13,270.6,268.79,268.42,270.6
2017-01-16,269.0,270.5,268.15,270.99
2017-01-17,270.98,272.18,270.0,272.51
2017-01-18,273.0,271.03,270.95,273.0
2017-01-19,273.0,268.03,268.0,273.0
2017-01-20,268.99,269.05,268.0,269.36
2017-01-23,269.33,270.28,268.15,271.0
2017-01-24,270.48,269.85,269.7,270.66
2017-01-25,270.49,268.07,267.7,271.15
2017-01-26,268.99,266.25,265.8,268.99
2017-02-03,266.25,269.3,266.25,270.1
2017-02-06,268.01,271.79,267.3,272.4
2017-02-07,272.2,274.16,272.2,274.7
2017-02-08,274.2,274.35,273.85,275.39
2017-02-09,275.97,276.31,275.51,277.65
2017-02-10,276.2,272.83,272.95,276.69
2017-02-13,273.97,274.64,273.1,275.01
2017-02-14,274.98,274.06,272.7,274.98
2017-02-15,274.49,273.4,273.0,274.59
2017-02-16,273.99,274.93,272.1,275.45
2017-02-17,275.5,275.75,275.11,276.1
2017-02-20,275.75,275.5,274.9,276.66
2017-02-21,276.49,275.55,275.01,276.49
2017-02-22,274.86,275.6,274.5,276.45
2017-02-23,276.48,276.2,275.3,276.48
2017-02-24,276.59,279.63,276.01,279.84
2017-02-27,281.2,280.6,278.81,281.2
2017-02-28,280.4,281.83,279.5,281.25
2017-03-01,280.0,278.0,277.4,280.35
2017-03-02,278.0,278.35,277.0,279.43
2017-03-03,278.49,276.23,275.7,278.5
2017-03-06,275.5,276.54,275.39,277.0
2017-03-07,276.5,275.37,275.38,276.9
2017-03-08,275.9,273.79,273.71,275.9
2017-03-09,274.6,272.22,271.8,274.6
2017-03-10,272.69,270.41,270.2,273.49
2017-03-13,271.78,272.9,270.12,274.15
2017-03-14,271.0,271.3,270.15,273.88
2017-03-15,272.0,271.51,271.0,272.1
2017-03-16,271.4,275.89,271.0,276.2
2017-03-17,275.02,275.62,275.01,276.48
2017-03-20,275.62,277.07,275.62,277.2
2017-03-21,276.7,275.75,275.7,277.25
2017-03-22,276.2,278.2,276.2,278.95
2017-03-23,278.2,278.21,277.81,278.6
2017-03-24,278.4,277.88,277.6,279.28
2017-03-27,278.35,280.53,277.88,281.0
2017-03-28,280.5,280.23,280.0,281.19
2017-03-29,280.5,279.74,279.35,281.17
2017-03-30,279.52,279.6,279.3,279.99
2017-03-31,278.48,277.81,277.6,279.93
2017-04-05,277.81,280.63,277.81,280.64
2017-04-06,280.49,280.21,278.8,280.55
2017-04-07,280.35,282.93,279.7,284.43
2017-04-10,282.9,281.39,280.51,284.48
2017-04-11,281.39,281.84,280.0,281.9
2017-04-12,282.49,284.41,281.5,285.6
2017-04-13,285.58,286.69,284.0,300.0
2017-04-14,286.99,286.6,285.8,287.0
2017-04-17,287.45,286.9,286.41,288.5
2017-04-18,289.99,286.13,285.75,289.99
2017-04-19,285.8,285.75,284.9,286.69
2017-04-20,285.99,285.49,284.9,285.99
2017-04-21,285.0,285.36,284.9,285.7
2017-04-24,286.0,283.57,283.45,286.82
2017-04-25,283.6,283.3,282.5,284.2
2017-04-26,289.0,282.05,281.09,289.0
2017-04-27,282.0,282.59,282.0,283.2
2017-04-28,283.8,283.45,281.51,283.8
2017-05-02,281.99,280.94,280.8,281.99
2017-05-03,281.6,280.37,280.03,281.6
2017-05-04,289.99,276.19,275.6,289.99
2017-05-05,278.0,275.87,274.03,278.0
2017-05-08,280.5,275.5,275.0,280.5
2017-05-09,276.88,275.2,274.55,276.88
2017-05-10,275.24,273.89,273.0,275.24
2017-05-11,274.88,274.26,273.6,274.88
2017-05-12,274.68,275.51,273.9,275.28
2017-05-15,275.39,276.29,274.65,276.09
2017-05-16,276.99,276.7,276.11,278.0
2017-05-17,277.49,277.61,276.31,277.88
2017-05-18,280.0,279.82,278.0,281.25
2017-05-19,298.0,279.26,278.21,298.0
2017-05-22,280.68,280.0,279.03,280.68
2017-05-23,280.0,281.4,280.0,281.6
2017-05-24,281.4,278.5,278.5,281.69
2017-05-25,279.75,279.75,278.7,280.5
2017-05-26,280.99,280.35,279.0,280.99
2017-05-31,280.35,279.0,278.81,280.35
2017-06-01,279.7,278.99,278.58,280.0
2017-06-02,279.59,278.16,277.82,279.59
2017-06-05,276.8,281.87,273.0,282.0
2017-06-06,278.0,283.2,278.0,283.48
2017-06-07,285.0,283.75,283.2,285.0
2017-06-08,283.75,282.7,282.51,283.83
2017-06-09,283.19,279.72,279.5,283.19
2017-06-12,280.74,278.85,278.48,280.74
2017-06-13,279.75,278.35,278.0,279.75
2017-06-14,279.6,279.3,277.8,279.72
2017-06-15,279.35,277.47,277.3,281.33
2017-06-16,277.47,276.9,276.11,277.47
2017-06-19,278.0,276.25,276.01,278.0
2017-06-20,277.5,276.01,275.49,277.5
2017-06-21,276.5,275.79,275.0,276.5
2017-06-22,276.22,277.47,275.2,277.55
2017-06-23,277.47,277.78,277.05,277.88
2017-06-26,278.29,277.9,277.96,278.8
2017-06-27,277.0,276.56,274.8,277.0
2017-06-28,275.55,275.94,275.55,276.99
2017-06-29,277.08,275.03,274.9,277.08
2017-06-30,275.0,273.1,272.85,275.0
2017-07-03,270.0,271.84,270.0,273.65
2017-07-04,272.15,270.38,269.1,272.15
2017-07-05,271.5,270.02,269.5,271.5
2017-07-06,270.2,270.12,269.0,271.1
2017-07-07,270.49,269.8,269.3,270.79
2017-07-10,271.0,265.77,266.0,271.0
2017-07-11,267.5,267.55,266.1,268.0
2017-07-12,267.99,268.9,266.95,269.39
2017-07-13,268.91,269.1,268.19,269.8
2017-07-14,269.8,267.79,267.55,269.8
2017-07-17,268.98,270.3,268.7,270.79
2017-07-18,271.48,270.85,270.6,271.65
2017-07-19,271.49,271.35,270.75,271.9
2017-07-20,272.0,271.29,271.25,272.0
2017-07-21,272.8,273.19,271.2,273.2
2017-07-24,273.5,273.8,273.38,274.46
2017-07-25,274.01,273.84,273.58,274.47
2017-07-26,273.5,272.3,271.7,273.82
2017-07-27,273.0,274.6,271.56,275.3
2017-07-28,274.51,274.29,274.01,275.45
2017-07-31,275.35,275.1,273.93,276.1
2017-08-01,276.48,275.3,273.0,276.48
2017-08-02,275.3,274.8,274.86,276.0
2017-08-03,275.5,273.4,273.6,275.64
2017-08-04,276.0,275.26,274.08,276.0
2017-08-07,275.5,273.37,272.9,275.6
2017-08-08,273.49,273.02,272.45,273.54
2017-08-09,274.49,274.14,271.8,276.69
2017-08-10,274.99,275.29,274.36,275.98
2017-08-11,276.0,276.72,275.99,277.28
2017-08-14,277.48,276.6,276.06,277.99
2017-08-15,277.0,274.7,274.58,277.0
2017-08-16,275.22,274.5,273.71,275.22
2017-08-17,275.16,277.0,274.26,277.5
2017-08-18,277.81,278.5,276.5,278.7
2017-08-21,278.5,277.51,276.5,279.6
2017-08-22,277.51,276.67,276.27,278.3
2017-08-23,277.52,277.0,276.3,277.68
2017-08-24,278.22,277.08,276.91,278.22
2017-08-25,277.99,276.8,276.73,277.99
2017-08-28,277.59,278.21,275.46,278.42
2017-08-29,278.88,281.17,277.5,281.5
2017-08-30,281.5,278.0,277.98,281.85
2017-08-31,279.5,277.91,277.4,279.5
2017-09-01,278.65,279.54,278.1,280.48
2017-09-04,280.48,282.04,279.26,282.67
2017-09-05,282.04,281.2,280.7,282.04
2017-09-06,281.2,282.44,280.61,282.46
2017-09-07,282.98,281.39,280.98,282.98
2017-09-08,281.99,281.75,281.1,282.35
2017-09-11,282.6,281.49,280.8,282.6
2017-09-12,282.0,279.85,279.38,282.0
2017-09-13,279.4,280.67,279.4,280.72
2017-09-14,281.98,279.8,279.37,281.98
2017-09-15,280.2,280.2,279.28,281.49
2017-09-18,280.2,278.93,278.65,280.7
2017-09-19,278.93,278.65,278.0,279.6
2017-09-20,280.0,278.89,278.5,280.0
2017-09-21,279.39,276.45,276.1,279.96
2017-09-22,277.0,277.3,275.5,277.3
2017-09-25,276.4,276.55,275.71,277.98
2017-09-26,276.5,280.1,276.3,280.86
2017-09-27,280.1,277.65,277.7,280.2
2017-09-28,278.29,276.67,276.2,278.29
2017-09-29,277.49,277.45,275.5,277.85
2017-10-09,274.76,276.3,274.76,276.94
2017-10-10,277.32,276.21,275.65,277.32
2017-10-11,277.8,275.1,275.1,277.8
2017-10-12,276.35,276.25,274.9,276.68
2017-10-13,276.75,276.5,275.49,276.75
2017-10-16,276.51,278.05,276.1,277.8
2017-10-17,278.5,276.62,276.2,278.5
2017-10-18,277.5,275.7,275.16,277.5
2017-10-19,276.8,274.9,275.3,276.8
2017-10-20,276.8,274.82,274.81,276.8
2017-10-23,275.85,274.08,273.95,275.85
2017-10-24,273.81,275.01,273.3,275.7
2017-10-25,275.0,273.89,273.72,275.0
2017-10-26,273.51,274.5,273.51,274.88
2017-10-27,274.99,272.93,272.6,274.99
2017-10-30,273.5,272.92,272.4,273.76
2017-10-31,273.75,273.94,273.01,274.1
2017-11-01,274.3,273.45,272.61,274.3
2017-11-02,273.99,273.34,272.7,273.99
2017-11-03,273.5,273.6,272.81,273.98
2017-11-06,274.02,273.0,272.78,274.12
2017-11-07,273.65,274.34,273.1,274.77
2017-11-08,274.98,274.57,273.22,274.98
2017-11-09,274.85,275.37,274.5,275.43
2017-11-10,276.52,275.94,275.04,276.52
2017-11-13,276.9,274.99,274.7,277.21
2017-11-14,276.0,274.49,274.44,276.0
2017-11-15,274.49,275.05,273.75,275.3
2017-11-16,275.99,274.0,274.11,275.99
2017-11-17,275.18,274.85,274.25,275.18
2017-11-20,275.5,276.3,274.5,276.51
2017-11-21,276.79,274.89,274.66,276.79
2017-11-22,275.42,274.74,274.0,275.82
2017-11-23,275.68,275.2,274.1,275.68
2017-11-24,275.9,275.25,274.8,275.9
2017-11-27,274.55,275.34,274.49,275.34
2017-11-28,275.95,275.7,274.11,276.3
2017-11-29,276.0,276.2,275.51,276.14
2017-11-30,276.49,274.39,274.05,276.49
2017-12-01,274.9,272.83,272.7,274.9
2017-12-04,273.49,272.65,271.8,274.29
2017-12-05,273.48,272.87,272.0,273.48
2017-12-06,272.99,271.43,270.77,272.99
2017-12-07,271.91,269.28,268.95,271.91
2017-12-08,269.8,267.79,267.49,269.8
2017-12-11,269.0,268.28,266.92,269.0
2017-12-12,268.67,267.5,266.9,268.67
2017-12-13,267.9,267.79,266.48,267.9
2017-12-14,267.79,270.0,267.0,270.1
2017-12-15,270.88,269.57,268.8,270.88
2017-12-18,270.3,269.9,269.16,270.3
2017-12-19,270.88,271.31,269.69,271.45
2017-12-20,271.49,270.68,270.0,271.5
2017-12-21,271.5,270.15,269.7,271.5
2017-12-22,270.49,270.54,269.7,270.6
2017-12-25,270.85,271.55,270.31,272.18
2017-12-26,272.49,271.92,271.49,272.49
2017-12-27,273.5,272.75,271.4,273.5
2017-12-28,272.99,273.5,272.3,274.3
2017-12-29,273.39,273.0,273.05,274.34
2018-01-02,274.0,275.3,274.0,275.6
2018-01-03,274.7,276.0,274.7,277.09
2018-01-04,277.16,275.19,274.85,277.16
2018-01-05,275.99,276.26,274.82,277.1
2018-01-08,277.5,276.6,275.5,277.5
2018-01-09,277.66,277.19,275.85,277.66
2018-01-10,277.1,276.65,276.5,277.59
2018-01-11,277.45,277.8,277.45,278.9
2018-01-12,278.2,278.38,277.9,278.65
2018-01-15,279.21,279.54,278.0,279.54
2018-01-16,280.0,278.8,278.39,280.0
2018-01-17,278.18,277.65,277.5,279.2
2018-01-18,278.92,276.15,276.05,278.92
2018-01-19,276.99,275.6,275.5,276.99
2018-01-22,276.8,275.95,275.9,276.8
2018-01-23,276.78,277.14,276.0,277.28
2018-01-24,277.1,277.84,276.65,277.98
2018-01-25,278.5,278.87,278.0,279.35
2018-01-26,279.17,277.5,276.71,279.17
2018-01-29,276.0,275.98,275.5,276.2
2018-01-30,276.0,274.0,273.66,276.2
2018-01-31,275.35,274.05,273.8,275.35
2018-02-01,273.55,273.4,273.4,274.0
2018-02-02,273.0,273.75,272.8,274.19
2018-02-05,273.5,271.49,271.2,273.98
2018-02-06,272.62,273.24,271.2,274.49
2018-02-07,273.67,269.79,269.1,273.67
2018-02-08,270.32,269.3,267.55,270.32
2018-02-09,270.0,269.55,268.3,270.99
2018-02-12,269.55,270.1,268.41,270.15
2018-02-13,270.29,271.14,269.35,271.39
2018-02-14,272.44,273.21,270.85,273.35
2018-02-22,272.0,271.36,271.0,272.0
2018-02-23,272.45,271.96,271.2,272.45
2018-02-26,273.35,273.6,271.51,273.7
2018-02-27,274.4,272.36,271.9,274.4
2018-02-28,272.3,270.3,269.24,272.3
2018-03-01,271.49,269.78,269.58,271.49
2018-03-02,270.49,270.9,269.0,271.07
2018-03-05,271.98,272.09,270.5,272.1
2018-03-06,272.5,271.15,270.71,272.5
2018-03-07,272.7,272.3,271.8,273.27
2018-03-08,273.7,272.21,271.6,273.7
2018-03-09,272.8,270.6,270.3,272.8
2018-03-12,272.2,270.8,269.8,272.2
2018-03-13,270.8,270.7,269.96,271.0
2018-03-14,271.1,271.12,270.27,271.65
2018-03-15,271.12,270.97,270.66,271.4
2018-03-16,271.04,270.21,269.5,271.04
2018-03-19,270.81,268.6,268.28,270.81
2018-03-20,269.16,269.51,268.51,269.6
2018-03-21,270.12,269.74,270.12,270.12
2018-03-22,270.12,272.1,269.52,272.4
2018-03-23,272.62,274.97,271.62,274.98
2018-03-26,275.12,274.18,274.16,275.4
2018-03-27,275.8,274.1,273.8,275.8
2018-03-28,274.26,272.52,272.45,274.26
2018-03-30,269.04,270.56,269.04,270.6
2018-04-02,271.85,270.84,271.0,271.85
2018-04-03,271.85,272.44,271.0,272.68
2018-04-04,272.47,272.16,270.77,272.48
2018-04-09,272.2,271.5,271.35,272.2
2018-04-10,272.35,271.97,271.42,272.79
2018-04-11,272.76,272.9,271.69,273.24
2018-04-12,274.18,274.08,273.14,275.0
2018-04-13,274.08,272.1,271.95,274.08
2018-04-16,272.42,272.89,271.7,273.79
2018-04-17,273.4,273.5,272.99,273.55
2018-04-18,273.57,273.04,272.3,273.57
2018-04-19,273.89,274.09,273.5,274.5
2018-04-20,274.09,272.88,272.71,274.09
2018-04-23,273.82,271.45,271.38,273.82
2018-04-24,271.52,271.09,270.65,271.52
2018-04-25,271.67,270.51,270.5,271.67
2018-04-26,270.4,271.27,270.3,271.28
2018-04-27,271.29,270.3,269.9,271.29
2018-05-02,270.3,269.84,268.76,270.3
2018-05-03,270.62,269.4,268.9,270.62
2018-05-04,270.53,269.48,269.22,270.53
2018-05-07,270.62,269.99,269.5,270.95
2018-05-08,270.71,270.35,269.99,270.71
2018-05-09,271.3,269.61,269.29,271.3
2018-05-10,270.62,270.1,269.7,270.62
2018-05-11,270.4,270.79,270.22,270.8
2018-05-14,271.42,270.52,270.33,271.42
2018-05-15,270.3,269.47,269.04,270.55
2018-05-16,269.62,267.1,266.45,269.62
2018-05-17,267.0,265.49,265.2,267.0
2018-05-18,267.0,265.8,265.41,267.0
2018-05-21,265.85,265.32,264.8,266.27
2018-05-22,266.8,266.01,265.0,266.8
2018-05-23,267.8,266.49,265.9,267.8
2018-05-24,268.8,267.65,266.15,268.8
2018-05-25,267.5,268.87,267.03,268.96
2018-05-28,269.5,267.8,267.6,269.5
2018-05-29,268.58,268.4,267.6,268.92
2018-05-30,269.88,268.85,268.31,270.0
2018-05-31,270.0,269.54,268.92,270.0
2018-06-01,270.55,269.09,268.7,270.55
2018-06-04,270.0,267.94,267.67,270.0
2018-06-05,269.17,267.5,267.23,269.17
2018-06-06,268.11,267.87,267.4,268.4
2018-06-07,267.94,268.09,267.3,268.3
2018-06-08,268.9,268.13,267.55,268.9
2018-06-11,269.12,268.26,268.01,269.12
2018-06-12,269.08,268.11,268.1,269.08
2018-06-13,268.99,267.86,267.15,268.99
2018-06-14,268.79,268.93,267.6,269.0
2018-06-15,269.0,268.67,268.61,269.8
2018-06-19,268.0,267.82,266.8,268.0
2018-06-20,267.82,266.3,266.2,267.82
2018-06-21,268.0,265.75,265.25,268.0
2018-06-22,266.21,266.68,265.0,266.75
2018-06-25,267.3,267.16,266.41,267.6
2018-06-26,269.0,267.2,267.01,269.0
2018-06-27,266.99,267.56,266.6,267.75
2018-06-28,267.65,267.0,267.0,267.75
2018-06-29,267.4,267.38,266.9,267.77
2018-07-02,267.95,267.42,267.2,268.22
2018-07-03,268.9,267.84,267.5,268.9
2018-07-04,268.6,268.4,267.8,269.4
2018-07-05,269.39,268.29,268.25,269.39
2018-07-06,267.56,269.21,267.56,269.35
2018-07-09,269.9,269.1,268.85,269.9
2018-07-10,270.0,268.25,268.1,270.0
2018-07-11,268.3,269.0,268.0,269.9
2018-07-12,269.4,267.99,267.9,269.4
2018-07-13,268.8,267.8,267.75,268.8
2018-07-16,269.0,268.15,267.7,269.0
2018-07-17,269.5,267.87,267.25,269.5
2018-07-18,269.0,265.47,264.9,269.0
2018-07-19,267.0,266.29,265.55,267.0
2018-07-20,266.37,267.48,265.5,267.5
2018-07-23,267.8,268.4,266.6,268.55
2018-07-24,269.0,268.43,267.9,269.0
2018-07-25,269.5,268.0,268.0,269.5
2018-07-26,268.95,268.58,268.1,268.95
2018-07-27,268.9,268.25,268.25,268.9
2018-07-30,268.82,268.29,268.21,268.94
2018-07-31,268.8,268.65,268.09,268.9
2018-08-01,269.0,268.24,267.91,269.0
2018-08-02,269.0,267.93,267.9,269.0
2018-08-03,269.0,267.81,267.53,269.0
2018-08-06,269.0,267.6,267.15,269.0
2018-08-07,268.5,267.61,267.08,268.5
2018-08-08,267.5,267.2,266.5,267.6
2018-08-09,266.9,267.14,266.52,267.39
2018-08-10,268.3,267.24,266.95,268.3
2018-08-13,268.3,267.72,267.6,268.3
2018-08-14,267.72,265.51,265.48,267.72
2018-08-15,266.49,264.97,264.85,266.49
2018-08-16,265.69,262.39,260.75,265.69
2018-08-17,262.8,261.59,261.5,262.8
2018-08-20,262.35,263.18,261.6,263.18
2018-08-21,263.3,264.51,262.95,264.59
2018-08-22,264.7,264.1,263.1,264.7
2018-08-23,264.3,264.26,263.8,270.0
2018-08-24,264.75,264.6,263.75,265.0
2018-08-27,264.6,265.3,264.0,265.8
2018-08-28,266.01,266.34,264.7,266.58
2018-08-29,266.6,265.69,264.81,266.6
2018-08-30,265.7,266.0,265.38,266.0
2018-08-31,265.65,266.47,265.12,266.5
2018-09-03,267.0,265.0,265.0,267.0
2018-09-04,265.49,264.14,264.0,265.49
2018-09-05,264.14,263.91,263.7,264.35
2018-09-06,265.0,264.8,263.7,265.1
2018-09-07,265.8,265.22,264.8,265.83
2018-09-10,265.76,265.19,264.66,265.76
2018-09-11,266.0,265.38,264.67,266.0
2018-09-12,266.0,265.2,264.0,266.0
2018-09-13,265.98,266.15,264.61,266.42
2018-09-14,266.6,266.72,265.71,266.98
2018-09-17,268.0,265.69,265.5,268.0
2018-09-18,266.88,265.79,265.67,267.0
2018-09-19,267.48,266.69,265.9,267.48
2018-09-20,266.05,266.54,266.05,266.92
2018-09-21,267.45,267.7,266.37,267.9
2018-09-25,267.8,266.53,266.0,267.8
2018-09-26,266.95,267.1,266.5,267.15
2018-09-27,267.8,266.3,265.98,267.8
2018-09-28,266.0,264.06,263.6,266.0
2018-10-08,268.49,266.98,264.6,268.49
2018-10-09,267.49,266.72,266.08,267.49
2018-10-10,267.3,266.46,266.0,267.3
2018-10-11,266.68,268.28,266.3,268.3
2018-10-12,269.45,271.35,268.31,272.35
2018-10-15,272.68,274.45,270.11,274.8
2018-10-16,275.12,274.25,273.51,275.4
2018-10-17,275.25,273.74,273.2,275.25
2018-10-18,274.76,273.65,273.39,274.76
2018-10-19,274.49,274.2,274.06,275.38
2018-10-22,275.0,274.7,274.2,275.1
2018-10-23,274.95,276.32,273.6,276.69
2018-10-24,277.65,276.21,275.9,277.96
2018-10-25,276.45,276.5,270.01,278.0
2018-10-26,277.35,277.48,276.36,277.5
2018-10-29,277.5,277.2,276.7,278.6
2018-10-30,277.3,275.8,275.8,277.39
2018-10-31,275.95,273.8,273.8,276.94
2018-11-01,275.02,274.85,273.5,275.02
2018-11-02,275.66,274.34,274.34,275.9
2018-11-05,275.5,275.52,273.82,275.79
2018-11-06,276.32,274.86,274.7,276.32
2018-11-07,276.52,275.22,274.4,276.52
2018-11-08,276.09,273.86,273.7,276.09
2018-11-09,274.3,273.48,273.39,274.55
2018-11-12,275.0,271.25,271.11,275.0
2018-11-13,272.02,270.6,270.3,272.02
2018-11-14,270.6,270.13,269.85,270.8
2018-11-15,270.45,272.09,269.66,272.1
2018-11-16,272.09,272.69,270.53,272.73
2018-11-19,273.47,273.71,272.12,274.1
2018-11-20,273.98,274.42,273.5,274.55
2018-11-21,274.75,274.38,273.51,275.04
2018-11-22,274.75,274.65,273.52,274.95
2018-11-23,274.65,274.61,274.6,275.35
2018-11-26,274.4,275.0,274.1,275.2
2018-11-27,275.0,274.19,274.0,275.01
2018-11-28,275.2,272.9,272.6,275.2
2018-11-29,273.49,274.6,272.8,275.05
2018-11-30,273.91,274.65,273.91,275.88
2018-12-03,274.95,274.27,273.65,274.95
2018-12-04,275.6,274.06,273.9,275.6
2018-12-05,274.39,274.28,274.03,274.7
2018-12-06,274.69,275.3,274.18,275.87
2018-12-07,276.29,275.8,275.01,276.42
2018-12-10,276.67,278.83,276.0,279.0
2018-12-11,278.83,278.09,277.85,278.83
2018-12-12,278.09,277.45,277.0,278.69
2018-12-13,277.85,278.26,276.8,278.5
2018-12-14,277.5,277.48,276.61,277.5
2018-12-17,277.5,276.8,276.3,277.5
2018-12-18,278.0,278.59,276.99,278.6
2018-12-19,278.81,278.89,278.4,278.94
2018-12-20,279.0,278.99,278.0,279.8
2018-12-21,280.8,280.96,279.01,281.2
2018-12-24,281.28,281.76,280.5,282.4
2018-12-25,282.25,283.4,281.3,284.0
2018-12-26,284.0,284.21,283.1,284.49
2018-12-27,284.21,282.87,282.8,284.21
2018-12-28,283.99,284.6,283.0,284.9
2019-01-02,283.98,285.8,283.98,285.88
2019-01-03,285.89,287.31,285.3,287.98
2019-01-04,287.31,287.49,285.72,289.3
2019-01-07,287.49,286.18,284.8,288.0
2019-01-08,287.37,284.75,284.6,287.37
2019-01-09,286.0,283.88,283.65,286.0
2019-01-10,285.0,283.84,282.51,285.3
2019-01-11,284.99,283.2,282.61,284.99
2019-01-14,283.49,283.5,282.03,283.5
2019-01-15,283.95,282.32,282.2,284.25
2019-01-16,284.0,282.97,282.02,284.0
2019-01-17,283.3,283.1,282.2,283.4
2019-01-18,284.0,283.28,283.1,284.0
2019-01-21,284.0,282.18,281.87,284.0
2019-01-22,282.6,282.82,279.35,282.89
2019-01-23,284.0,282.34,282.13,284.0
2019-01-24,283.49,282.6,282.1,283.49
2019-01-25,282.6,282.39,281.7,282.6
2019-01-28,282.75,284.45,281.53,284.8
2019-01-29,284.98,285.92,283.55,286.1
2019-01-30,286.7,286.72,286.1,293.49
2019-01-31,286.55,286.7,285.61,286.8
2019-02-01,287.15,287.42,286.68,287.85
2019-02-11,286.51,287.43,286.51,287.8
2019-02-12,287.75,287.8,281.4,291.8
2019-02-13,288.49,287.07,287.07,288.49
2019-02-14,287.42,286.5,286.01,288.16
2019-02-15,286.7,288.41,286.06,288.57
2019-02-18,289.0,289.98,288.2,290.08
2019-02-19,290.8,290.67,289.1,291.0
2019-02-20,292.2,292.33,291.0,293.18
2019-02-21,293.8,290.71,290.56,293.8
2019-02-22,291.49,288.91,288.5,291.49
2019-02-25,288.91,288.33,287.62,289.8
2019-02-26,289.2,288.0,287.2,289.2
2019-02-27,288.97,287.89,280.6,288.97
2019-02-28,287.08,286.02,285.1,287.98
2019-03-01,288.2,284.49,284.4,288.2
2019-03-04,285.76,280.71,280.7,285.76
2019-03-05,280.73,279.5,278.0,280.73
2019-03-06,280.97,281.25,278.5,281.5
2019-03-07,281.25,280.0,279.7,284.49
2019-03-08,281.31,282.54,279.51,282.55
2019-03-11,283.5,283.5,282.2,284.29
2019-03-12,284.0,282.8,282.5,284.0
2019-03-13,283.98,284.86,283.0,284.88
2019-03-14,285.99,284.14,284.14,285.99
2019-03-15,284.14,284.29,282.6,284.4
2019-03-18,285.0,284.28,283.25,285.0
2019-03-19,284.85,285.2,283.03,285.3
2019-03-20,285.8,284.59,284.2,285.8
2019-03-21,285.48,286.5,283.7,286.6
2019-03-22,286.95,286.5,285.01,286.95
2019-03-25,286.88,287.21,286.0,287.3
2019-03-26,287.5,287.65,286.26,288.18
2019-03-27,287.65,287.1,286.67,287.8
2019-03-28,289.0,286.49,286.3,289.0
2019-03-29,285.61,281.0,281.0,286.5
2019-04-01,284.2,282.0,281.4,284.2
2019-04-02,283.0,281.51,281.35,283.0
2019-04-03,283.0,282.05,281.12,283.0
2019-04-04,283.0,282.71,281.71,283.0
2019-04-08,282.2,283.62,282.2,283.89
2019-04-09,283.62,283.8,283.62,284.78
2019-04-10,284.7,285.1,284.3,285.2
2019-04-11,285.45,285.15,284.35,285.8
2019-04-12,286.0,282.8,282.68,286.0
2019-04-15,283.45,281.45,281.2,283.45
2019-04-16,281.95,281.38,280.61,282.2
2019-04-17,281.49,279.7,279.2,281.49
2019-04-18,280.68,278.7,277.5,280.68
2019-04-19,280.2,279.61,278.07,280.2
2019-04-22,280.0,280.12,279.2,282.0
2019-04-23,280.95,279.16,278.2,280.95
2019-04-24,279.5,278.5,277.75,279.5
2019-04-25,280.0,280.1,278.11,280.25
2019-04-26,280.88,281.0,279.02,281.0
2019-04-29,281.98,280.49,279.99,281.98
2019-04-30,280.5,280.88,279.5,280.98
2019-05-06,283.0,282.06,281.8,283.0
2019-05-07,282.07,281.75,281.0,282.3
2019-05-08,280.71,282.65,280.71,283.09
2019-05-09,283.0,283.5,281.1,283.97
2019-05-10,282.8,283.32,282.8,284.15
2019-05-13,282.09,285.05,282.09,285.35
2019-05-14,286.12,288.7,285.0,289.48
2019-05-15,289.5,287.59,287.5,289.5
2019-05-16,289.45,288.71,288.1,289.45
2019-05-17,289.35,288.0,286.85,289.35
2019-05-20,289.0,287.19,286.23,289.0
2019-05-21,287.89,286.6,286.06,287.89
2019-05-22,287.0,286.37,285.3,287.0
2019-05-23,286.37,286.61,285.91,287.04
2019-05-24,288.48,288.54,287.0,288.83
2019-05-27,288.75,288.37,287.55,288.75
2019-05-28,288.88,288.5,287.8,288.88
2019-05-29,287.51,288.69,287.0,288.7
2019-05-30,287.95,287.1,287.0,288.99
2019-05-31,288.37,290.8,287.5,290.87
2019-06-03,291.0,294.51,290.89,294.57
2019-06-04,295.49,297.59,294.3,297.66
2019-06-05,297.59,298.97,295.9,299.08
2019-06-06,300.0,299.32,297.6,301.0
2019-06-10,299.32,298.77,298.2,299.9
2019-06-11,299.5,297.0,297.0,299.5
2019-06-12,298.0,299.61,296.08,300.51
2019-06-13,299.61,300.41,299.01,300.5
2019-06-14,301.45,305.04,299.6,305.37
2019-06-17,306.0,301.35,301.2,306.01
2019-06-18,301.5,303.6,301.5,304.0
2019-06-19,304.95,302.21,300.0,305.0
2019-06-20,305.3,308.58,301.01,310.0
2019-06-21,310.0,311.0,307.8,313.9
2019-06-24,312.0,313.26,310.7,314.66
2019-06-25,315.99,319.91,313.8,322.0
2019-06-26,321.0,314.44,310.02,321.0
2019-06-27,315.0,313.89,312.0,316.0
2019-06-28,312.1,314.43,312.1,317.85
2019-07-01,313.66,307.6,306.2,316.65
2019-07-02,306.8,309.77,306.8,310.09
2019-07-03,310.88,318.0,309.51,321.8
2019-07-04,318.0,315.01,314.52,318.0
2019-07-05,315.95,315.71,315.0,317.0
2019-07-08,316.25,314.07,310.52,316.25
2019-07-09,314.88,311.49,311.12,314.88
2019-07-10,311.45,311.14,310.85,312.39
2019-07-11,312.49,316.5,306.99,318.0
2019-07-12,316.99,314.6,313.5,317.89
2019-07-15,314.99,315.0,313.51,315.8
2019-07-16,315.0,315.38,312.0,315.6
2019-07-17,315.8,313.75,313.3,315.8
2019-07-18,314.45,316.55,313.45,318.1
2019-07-19,317.96,320.45,316.0,321.98
2019-07-22,329.99,318.45,317.5,329.99
2019-07-23,320.0,316.45,315.8,320.0
2019-07-24,316.66,317.55,316.66,319.0
2019-07-25,319.0,317.67,316.03,319.97
2019-07-26,319.97,316.84,315.2,319.97
2019-07-29,318.8,317.13,315.5,318.8
2019-07-30,320.0,318.47,316.9,320.0
2019-07-31,318.66,319.94,318.0,320.0
2019-08-01,321.0,315.21,314.44,329.04
2019-08-02,317.0,322.67,314.1,324.0
2019-08-05,323.3,331.99,313.33,332.6
2019-08-06,333.6,333.07,332.0,337.4
2019-08-07,333.75,340.3,330.55,340.5
2019-08-08,345.0,343.33,340.5,346.49
2019-08-09,342.0,343.4,340.02,345.0
2019-08-12,344.35,341.16,341.13,344.95
2019-08-13,345.88,350.0,342.84,350.02
2019-08-14,350.49,341.65,340.0,352.05
2019-08-15,347.0,344.6,342.86,347.5
2019-08-16,351.7,345.7,344.06,351.7
2019-08-19,345.7,344.28,343.18,345.92
2019-08-20,342.28,343.13,341.22,343.5
2019-08-21,344.75,342.5,342.5,344.75
2019-08-22,345.0,343.8,342.01,345.0
2019-08-23,341.5,343.0,341.5,344.7
2019-08-26,345.0,355.09,342.2,358.0
2019-08-27,357.0,355.72,353.1,357.0
2019-08-28,356.45,357.2,355.2,359.0
2019-08-29,360.0,358.9,356.2,369.24
2019-08-30,358.9,354.09,353.0,358.9
2019-09-02,356.0,352.99,352.01,356.0
2019-09-03,354.25,355.2,353.41,355.5
2019-09-04,356.88,356.89,355.01,360.1
2019-09-05,358.0,358.03,355.68,359.89
2019-09-06,358.88,348.74,347.1,358.88
2019-09-09,350.0,348.2,345.15,352.41
2019-09-10,349.95,343.38,342.22,349.95
2019-09-11,347.0,344.09,341.11,347.0
2019-09-12,347.0,344.8,342.36,347.0
2019-09-16,344.9,344.4,343.8,346.0
2019-09-17,345.85,343.7,340.0,346.85
2019-09-18,345.28,344.84,343.1,345.49
2019-09-19,345.75,343.52,342.0,346.0
2019-09-20,344.58,345.14,343.59,345.96
2019-09-23,347.0,348.69,343.0,350.0
2019-09-24,350.5,349.87,347.66,351.48
2019-09-25,352.59,352.15,348.01,352.98
2019-09-26,354.0,347.2,347.15,354.0
2019-09-27,346.02,345.25,344.44,349.5
2019-09-30,343.33,344.49,342.03,347.99
2019-10-08,344.33,344.0,342.6,344.46
2019-10-09,349.0,348.39,344.1,349.0
2019-10-10,350.0,346.41,343.01,350.0
2019-10-11,347.68,344.56,342.56,347.68
2019-10-14,344.56,339.84,337.95,344.56
2019-10-15,341.48,341.11,339.01,341.8
2019-10-16,335.0,340.14,335.0,342.5
2019-10-17,343.0,341.47,338.01,343.0
2019-10-18,341.47,340.36,339.0,342.58
2019-10-21,341.35,340.77,339.01,341.35
2019-10-22,342.5,340.16,338.61,342.5
2019-10-23,340.95,340.58,338.67,341.0
2019-10-24,285.0,339.94,285.0,343.0
2019-10-25,341.5,343.8,340.4,344.0
2019-10-28,345.75,343.64,342.11,346.0
2019-10-29,346.0,340.68,339.8,346.0
2019-10-30,340.35,339.8,338.21,340.75
2019-10-31,340.95,340.3,339.35,340.95
2019-11-01,340.3,343.27,340.3,343.66
2019-11-04,342.65,342.52,341.6,343.97
2019-11-05,345.0,340.99,340.4,345.0
2019-11-06,343.0,336.05,335.01,343.0
2019-11-07,337.0,335.84,335.2,337.79
2019-11-08,335.38,331.4,329.0,335.38
2019-11-11,335.0,330.93,327.02,335.0
2019-11-12,333.0,327.82,326.0,333.0
2019-11-13,328.98,330.9,321.4,331.2
2019-11-14,330.0,331.98,330.0,332.4
2019-11-15,333.0,331.12,330.62,333.0
2019-11-18,331.12,330.79,330.56,331.7
2019-11-19,333.0,332.45,329.51,333.6
2019-11-20,333.88,333.6,331.52,334.3
2019-11-21,334.98,333.43,332.78,334.98
2019-11-22,334.68,333.9,331.55,334.68
2019-11-25,334.36,330.89,330.59,334.36
2019-11-26,332.88,330.89,329.05,332.88
2019-11-27,331.95,331.5,329.5,331.95
2019-11-28,332.16,330.6,329.65,332.16
2019-11-29,329.09,331.69,329.09,331.7
2019-12-02,332.36,331.31,330.0,332.36
2019-12-03,331.4,333.0,331.02,333.0
2019-12-04,333.85,339.22,333.5,339.3
2019-12-05,339.98,336.49,335.5,339.98
2019-12-06,337.68,334.6,334.26,337.68
2019-12-09,337.1,332.31,331.61,337.1
2019-12-10,334.49,333.43,331.7,334.49
2019-12-11,332.91,332.68,332.34,333.53
2019-12-12,334.0,334.69,332.1,334.85
2019-12-13,335.0,331.75,330.0,336.9
2019-12-16,332.68,334.16,330.2,334.16
2019-12-17,334.86,333.71,333.0,334.86
2019-12-18,334.95,334.25,333.24,334.95
2019-12-19,334.9,333.52,332.8,334.9
2019-12-20,334.88,334.89,333.5,334.98
2019-12-23,335.36,336.08,333.05,336.32
2019-12-24,337.0,336.96,335.43,337.59
2019-12-25,337.88,338.59,336.62,339.55
2019-12-26,339.45,339.84,338.36,340.1
2019-12-27,341.86,340.47,338.11,342.29
2019-12-30,340.7,340.43,340.32,342.5
2019-12-31,340.4,340.8,340.4,343.5
2020-01-02,341.95,341.91,340.8,343.0
2020-01-03,342.98,347.3,340.9,347.48
2020-01-06,350.0,354.55,347.0,355.78
2020-01-07,356.0,351.35,350.0,356.0
2020-01-08,352.99,356.61,350.15,361.0
2020-01-09,355.55,345.84,344.0,358.6
2020-01-10,354.0,346.79,345.01,354.0
2020-01-13,347.45,345.7,345.5,348.0
2020-01-14,347.58,342.96,340.5,347.58
2020-01-15,343.98,344.97,342.6,345.85
2020-01-16,347.0,345.45,344.8,347.0
2020-01-17,347.0,344.75,343.9,347.0
2020-01-20,345.01,345.2,344.0,345.6
2020-01-21,345.98,348.2,345.1,348.8
2020-01-22,342.0,345.86,342.0,347.85
2020-01-23,346.0,347.88,345.7,348.1
2020-02-03,349.0,356.11,349.0,358.0
2020-02-04,357.8,354.06,353.61,357.8
2020-02-05,356.0,351.7,349.5,356.0
2020-02-06,351.7,349.39,348.5,351.7
2020-02-07,353.0,351.81,350.1,353.0
2020-02-10,354.0,353.0,351.15,354.4
2020-02-11,354.6,352.43,351.69,354.6
2020-02-12,352.64,350.89,350.02,352.98
2020-02-13,352.45,353.46,351.0,353.99
2020-02-14,354.8,353.79,352.9,354.8
2020-02-17,354.89,355.29,353.93,355.85
2020-02-18,356.0,357.23,354.82,357.5
2020-02-19,358.5,361.11,357.01,361.5
2020-02-20,364.0,362.29,359.0,364.0
2020-02-21,365.0,369.78,363.8,370.0
2020-02-24,372.8,376.9,369.31,378.49
2020-02-25,379.0,369.53,368.5,381.0
2020-02-26,374.0,371.76,369.5,374.0
2020-02-27,373.16,371.3,367.3,373.16
2020-02-28,371.3,365.36,365.35,373.2
2020-03-02,368.88,359.04,353.0,368.88
2020-03-03,362.5,358.64,356.8,362.5
2020-03-04,361.98,365.0,358.82,368.0
2020-03-05,367.58,366.49,364.01,367.58
2020-03-06,370.0,372.4,366.49,375.35
2020-03-09,373.67,373.46,367.27,377.8
2020-03-10,373.46,367.01,365.5,373.69
2020-03-11,368.88,370.0,366.2,370.0
2020-03-12,373.0,366.49,364.8,373.0
2020-03-13,369.0,356.02,348.98,369.0
2020-03-16,358.88,345.0,341.0,358.88
2020-03-17,340.0,331.07,328.15,340.0
2020-03-18,332.98,338.39,329.01,346.0
2020-03-19,339.75,336.15,331.0,342.0
2020-03-20,337.0,340.0,333.18,340.5
2020-03-23,342.98,339.2,337.1,342.98
2020-03-24,343.0,356.71,339.0,358.96
2020-03-25,363.0,362.98,358.01,372.0
2020-03-26,367.98,362.0,361.2,367.98
2020-03-27,367.0,365.45,364.12,367.98
2020-03-30,367.7,363.99,363.01,367.7
2020-03-31,364.5,364.27,363.5,365.55
2020-04-01,364.98,360.0,355.08,364.98
2020-04-02,360.9,360.53,355.0,361.5
2020-04-03,361.3,362.5,360.23,364.68
2020-04-07,370.0,371.0,370.0,377.48
2020-04-08,372.1,370.12,368.2,373.5
2020-04-09,373.0,370.3,368.63,373.0
2020-04-10,370.3,372.1,360.93,374.0
2020-04-13,372.4,371.95,371.1,373.79
2020-04-14,373.8,377.0,371.09,379.0
2020-04-15,379.0,374.01,368.55,380.3
2020-04-16,378.0,378.3,372.71,378.95
2020-04-17,380.0,369.92,369.52,386.36
2020-04-20,372.99,370.29,366.96,372.99
2020-04-21,373.6,374.64,371.5,374.8
2020-04-22,372.0,373.5,366.0,374.45
2020-04-23,376.0,378.8,372.01,380.1
2020-04-24,384.9,381.14,379.18,384.9
2020-04-27,383.98,380.45,379.1,383.98
2020-04-28,378.09,377.04,375.2,381.0
2020-04-29,379.4,378.1,375.8,379.4
2020-04-30,378.79,380.94,377.0,381.0
2020-05-06,380.95,380.3,377.01,380.95
2020-05-07,381.0,379.88,377.85,381.03
2020-05-08,379.85,383.5,378.16,383.5
2020-05-11,384.6,381.26,380.3,384.6
2020-05-12,383.0,380.99,379.71,383.0
2020-05-13,383.0,381.1,380.11,383.0
2020-05-14,382.0,383.49,381.09,383.7
2020-05-15,384.83,388.81,382.28,389.6
2020-05-18,391.8,398.21,387.72,399.8
2020-05-19,402.6,392.39,391.0,402.6
2020-05-20,393.99,396.73,392.2,397.2
2020-05-21,400.0,391.99,391.81,400.0
2020-05-22,395.0,392.0,388.69,395.0
2020-05-25,393.6,391.33,391.0,393.6
2020-05-26,394.4,393.16,391.21,394.4
2020-05-27,393.99,390.0,388.87,393.99
2020-05-28,391.98,392.41,386.0,392.75
2020-05-29,392.9,391.93,390.1,392.9
2020-06-01,395.0,395.99,393.03,396.59
2020-06-02,397.4,394.8,394.01,397.4
2020-06-03,396.68,391.2,391.1,396.68
2020-06-04,392.95,387.86,386.29,392.95
2020-06-05,389.69,387.84,387.5,390.95
2020-06-08,390.8,384.22,380.79,390.8
2020-06-09,385.8,384.61,382.6,385.8
2020-06-10,385.78,388.89,385.3,388.9
2020-06-11,390.5,391.9,387.5,392.3
2020-06-12,389.12,391.13,389.12,393.3
2020-06-15,392.5,388.53,388.5,393.5
2020-06-16,389.6,389.59,386.0,391.25
2020-06-17,393.1,390.5,389.0,393.1
2020-06-18,390.6,389.89,388.78,390.75
2020-06-19,390.98,390.67,389.4,391.2
2020-06-22,394.6,393.82,390.15,396.49
2020-06-23,396.0,394.5,393.25,396.0
2020-06-24,397.8,397.0,394.85,397.8
2020-06-29,399.0,397.15,397.0,399.0
2020-06-30,397.02,397.76,396.85,398.09
2020-07-01,397.76,400.82,397.0,401.0
2020-07-02,401.0,396.04,395.93,401.0
2020-07-03,398.0,397.55,394.91,398.5
2020-07-06,398.0,396.97,396.45,398.0
2020-07-07,398.0,397.46,396.01,398.2
2020-07-08,399.0,399.39,396.55,399.66
2020-07-09,405.0,401.99,399.99,405.0
2020-07-10,404.5,399.79,399.0,404.5
2020-07-13,404.0,401.18,399.3,404.0
2020-07-14,403.99,400.33,399.0,403.99
2020-07-15,400.33,400.39,399.8,401.75
2020-07-16,401.75,399.79,399.3,401.75
2020-07-17,403.5,397.44,396.04,403.5
2020-07-20,398.0,398.69,397.51,398.8
2020-07-21,399.49,401.66,399.49,402.5
2020-07-22,401.66,410.44,401.66,415.99
2020-07-23,414.0,412.65,406.1,414.0
2020-07-24,412.01,417.95,412.01,417.99
2020-07-27,417.99,426.85,417.8,430.48
2020-07-28,427.03,425.2,423.0,436.0
2020-07-29,425.0,427.07,422.0,428.88
2020-07-30,427.0,422.0,422.0,428.6
2020-07-31,420.2,428.97,420.19,429.0
2020-08-03,428.99,427.68,425.5,429.79
2020-08-04,427.1,428.09,426.5,428.8
2020-08-05,428.29,439.59,427.11,440.5
2020-08-06,441.45,442.99,436.0,443.25
2020-08-07,446.0,445.99,443.5,449.0
2020-08-10,445.13,441.9,439.0,446.8
2020-08-11,442.98,433.0,430.1,444.8
2020-08-12,415.27,407.0,401.4,428.5
2020-08-13,407.85,412.5,407.85,415.0
2020-08-14,411.72,416.54,411.0,422.77
2020-08-17,416.54,420.7,415.7,421.5
2020-08-18,423.99,430.0,420.31,430.42
2020-08-19,431.2,423.88,422.0,433.21
2020-08-20,426.87,415.6,412.51,426.87
2020-08-21,414.1,414.99,412.0,416.7
2020-08-24,405.0,415.71,404.4,417.0
2020-08-25,417.99,413.0,412.6,419.0
2020-08-26,423.89,412.58,412.0,423.89
2020-08-27,412.9,417.6,411.11,417.89
2020-08-28,416.56,418.18,413.0,423.0
2020-08-31,419.69,419.0,417.56,421.0
2020-09-01,420.38,423.98,419.02,424.04
2020-09-02,424.9,418.3,418.3,426.0
2020-09-03,417.01,414.5,412.0,420.39
2020-09-04,415.5,414.8,412.11,416.0
2020-09-07,415.98,413.22,411.4,424.05
2020-09-08,413.99,414.5,412.08,414.9
2020-09-09,411.01,414.78,409.92,415.79
2020-09-10,414.0,417.43,413.18,417.7
2020-09-11,417.5,416.29,414.6,419.5
2020-09-14,416.98,415.5,415.5,417.55
2020-09-15,415.15,417.03,415.15,418.0
2020-09-16,417.99,416.46,414.89,418.0
2020-09-17,415.04,413.7,412.38,417.0
2020-09-18,413.0,415.48,411.28,415.5
2020-09-21,415.01,415.27,414.0,416.25
2020-09-22,414.0,405.58,398.86,414.8
2020-09-23,405.89,400.67,398.5,407.8
2020-09-24,400.0,395.29,394.0,401.58
2020-09-25,395.5,400.0,395.01,400.4
2020-09-28,398.2,399.21,397.5,400.0
2020-09-29,397.72,403.8,397.72,404.5
2020-09-30,404.5,402.97,402.77,405.6
2020-10-09,403.8,404.49,402.5,405.8
2020-10-12,406.0,408.79,404.65,409.8
2020-10-13,409.3,406.63,406.2,409.7
2020-10-14,407.48,402.85,399.8,407.6
2020-10-15,403.5,402.3,400.61,404.48
2020-10-16,401.25,404.0,400.65,404.5
2020-10-19,403.7,404.4,401.03,404.45
2020-10-20,404.96,401.0,401.0,404.97
2020-10-21,402.4,404.1,402.0,404.8
2020-10-22,402.91,404.01,402.91,405.69
2020-10-23,403.02,402.74,401.1,404.0
2020-10-26,405.0,400.9,400.2,405.5
2020-10-27,401.3,404.02,401.3,404.49
2020-10-29,403.78,399.47,398.7,403.78
2020-10-30,398.58,397.21,395.0,399.0
2020-11-02,397.98,399.9,397.6,400.4
2020-11-03,400.58,401.56,399.15,402.2
2020-11-04,402.02,402.66,402.02,404.6
2020-11-05,405.0,402.37,399.5,405.0
2020-11-06,403.66,406.94,403.66,408.8
2020-11-09,408.98,406.2,406.2,409.28
2020-11-10,405.15,396.69,392.0,405.15
2020-11-11,394.02,396.0,394.02,396.0
2020-11-12,395.2,394.39,392.2,395.4
2020-11-13,394.99,395.93,393.9,396.5
2020-11-16,396.38,396.01,395.25,398.5
2020-11-17,392.58,395.8,391.58,396.8
2020-11-18,394.68,393.72,392.4,396.27
2020-11-19,392.0,391.5,390.23,394.2
2020-11-20,390.06,392.1,390.05,392.9
2020-11-23,395.0,391.65,391.0,395.0
2020-11-24,390.9,383.36,381.51,391.89
2020-11-25,380.0,378.45,377.7,381.85
2020-11-26,379.9,378.85,278.39,380.7
2020-11-27,378.8,377.5,377.5,379.81
2020-11-30,377.0,370.58,366.0,378.0
2020-12-01,368.5,372.99,367.0,373.1
2020-12-02,374.88,378.43,374.88,378.5
2020-12-03,380.5,382.98,378.2,382.99
2020-12-04,382.6,383.38,379.01,383.5
2020-12-07,383.39,382.52,380.3,383.39
2020-12-08,380.33,386.76,380.33,387.86
2020-12-09,385.99,384.75,384.3,388.2
2020-12-10,384.75,381.46,381.0,385.7
2020-12-11,378.0,381.46,369.61,384.1
2020-12-14,381.6,380.46,380.45,383.69
2020-12-15,380.2,383.8,379.02,384.09
2020-12-16,384.0,385.44,383.5,386.8
2020-12-17,386.75,388.7,384.1,388.8
2020-12-18,389.0,390.34,388.22,391.89
2020-12-21,390.98,395.96,389.43,397.91
2020-12-22,391.3,390.32,390.3,394.48
2020-12-23,390.31,390.12,388.6,392.5
2020-12-24,388.55,390.4,387.6,391.8
2020-12-25,389.73,392.21,389.11,392.74
2020-12-28,392.99,391.61,391.36,396.0
2020-12-29,391.4,390.66,389.8,395.0
2020-12-30,390.8,390.39,389.8,391.5
2020-12-31,389.54,390.0,389.54,394.5
2021-01-04,397.48,398.09,396.0,399.5
2021-01-05,398.12,401.0,398.12,401.2
2021-01-06,401.58,400.73,399.71,402.48
2021-01-07,401.0,398.49,394.02,401.73
2021-01-08,395.21,395.97,395.2,397.99
2021-01-11,393.58,385.0,379.0,394.0
2021-01-12,384.51,387.99,382.99,388.0
2021-01-13,388.85,386.5,384.7,388.85
2021-01-14,387.8,383.7,382.5,388.0
2021-01-15,384.95,385.41,383.8,387.6
2021-01-18,385.58,384.6,380.8,386.02
2021-01-19,385.0,384.97,384.0,386.0
2021-01-20,385.48,386.76,383.2,386.88
2021-01-21,386.0,389.46,383.03,390.0
2021-01-22,389.6,388.09,387.25,389.6
2021-01-25,381.09,386.0,381.09,388.9
2021-01-26,386.0,387.45,386.0,390.5
2021-01-27,386.51,385.39,383.8,387.48
2021-01-28,384.0,382.23,382.22,386.0
2021-01-29,384.0,384.5,382.65,386.92
2021-02-01,385.45,388.47,384.01,389.45
2021-02-02,389.0,384.83,384.7,389.9
2021-02-03,384.01,382.36,381.28,386.2
2021-02-04,382.0,379.5,377.3,383.69
2021-02-05,379.59,376.23,373.21,379.59
2021-02-08,378.0,378.59,374.61,378.79
2021-02-09,372.0,382.74,372.0,383.19
2021-02-10,384.0,383.0,380.81,384.0
2021-02-18,377.01,372.06,370.5,377.01
2021-02-19,373.87,370.67,368.5,373.9
2021-02-22,369.8,374.5,369.53,375.49
2021-02-23,375.0,377.99,375.0,379.12
2021-02-24,378.99,377.28,375.8,378.99
2021-02-25,377.28,373.04,372.58,377.6
2021-02-26,372.0,368.26,367.1,374.4
2021-03-01,368.26,367.37,360.0,370.0
2021-03-02,366.0,360.42,357.5,366.0
2021-03-03,362.79,362.08,360.0,363.0
2021-03-04,362.96,359.0,356.12,362.96
2021-03-05,358.5,355.7,353.43,359.69
2021-03-08,356.0,358.95,354.8,360.0
2021-03-09,353.06,357.75,353.06,357.85
2021-03-10,357.75,361.07,357.75,362.33
2021-03-11,360.0,364.91,360.0,365.2
2021-03-12,363.41,359.62,359.5,364.5
2021-03-15,365.44,362.88,358.34,365.44
2021-03-16,364.29,363.26,363.0,364.8
2021-03-18,363.0,366.79,362.7,368.33
2021-03-19,364.51,366.64,362.02,367.0
2021-03-22,365.65,364.4,364.0,367.65
2021-03-23,364.31,366.2,364.0,366.26
2021-03-24,366.0,364.59,363.8,366.45
2021-03-25,365.0,365.68,364.05,367.3
2021-03-26,365.02,365.1,364.21,368.7
2021-03-29,365.0,365.4,364.6,366.6
2021-03-30,366.45,360.66,360.0,366.45
2021-03-31,358.5,356.79,355.3,359.0
2021-04-01,356.5,364.49,356.0,364.56
2021-04-02,364.1,368.04,363.22,368.89
2021-04-06,368.5,366.39,365.8,368.5
2021-04-07,367.7,368.14,366.9,368.59
2021-04-08,366.03,369.2,366.03,369.49
2021-04-09,370.0,370.15,369.66,372.3
2021-04-12,370.98,368.62,367.3,370.98
2021-04-13,368.7,365.59,364.95,368.7
2021-04-14,365.9,368.6,365.8,369.5
2021-04-15,368.31,368.52,366.0,368.75
2021-04-16,368.95,371.8,368.12,373.0
2021-04-19,373.5,374.7,373.33,375.95
2021-04-20,374.61,371.44,370.5,374.62
2021-04-21,372.39,374.65,371.0,375.08
2021-04-22,374.6,375.2,372.09,376.79
2021-04-23,375.5,373.81,373.25,375.5
2021-04-26,376.1,372.83,371.5,376.1
2021-04-27,372.2,372.97,371.4,373.5
2021-04-28,372.6,370.0,370.0,374.2
2021-04-29,370.5,372.44,370.0,374.4
2021-04-30,372.3,370.97,368.0,372.39
2021-05-06,373.0,375.35,373.0,375.8
2021-05-07,375.0,379.82,374.61,379.95
2021-05-10,379.0,380.7,378.51,382.6
2021-05-11,380.21,380.7,380.1,382.08
2021-05-12,381.81,381.29,377.52,381.98
2021-05-13,380.9,379.41,378.82,383.0
2021-05-14,378.01,381.13,378.01,381.8
2021-05-17,380.0,385.57,380.0,386.5
2021-05-18,384.95,388.2,384.5,389.8
2021-05-19,389.99,388.83,386.51,389.99
2021-05-20,387.0,389.14,386.0,392.2
2021-05-21,389.5,389.4,388.36,391.3
2021-05-24,390.0,390.8,388.02,392.5
2021-05-25,390.0,389.68,387.55,391.29
2021-05-26,389.2,393.2,389.0,394.6
2021-05-27,393.99,390.5,390.01,394.29
2021-05-28,390.5,388.82,388.25,391.0
2021-05-31,386.3,391.1,386.2,392.2
2021-06-01,391.0,393.5,391.0,393.8
2021-06-02,391.9,387.97,343.0,393.5
2021-06-03,388.0,385.44,384.9,389.6
2021-06-04,382.1,382.51,374.99,385.0
2021-06-07,381.7,384.29,381.0,384.8
2021-06-08,384.3,385.3,384.3,388.1
2021-06-09,386.6,386.0,384.03,387.0
2021-06-10,386.88,384.73,383.9,386.88
2021-06-11,383.2,388.01,382.01,388.4
2021-06-15,383.2,381.99,379.0,383.2
2021-06-16,381.95,381.09,379.0,381.98
2021-06-17,378.39,374.0,373.6,381.65
2021-06-18,371.7,371.0,368.8,373.8
2021-06-21,373.0,370.58,368.3,373.0
2021-06-22,370.95,371.56,370.11,372.8
2021-06-23,371.99,371.93,370.15,372.5
2021-06-24,372.55,370.35,370.35,374.3
2021-06-25,371.98,370.74,369.5,372.1
2021-06-28,371.4,371.16,368.8,371.79
2021-06-29,369.3,369.29,369.21,371.1
2021-06-30,369.0,365.82,365.6,369.5
2021-07-01,366.0,370.26,365.8,371.0
2021-07-02,369.01,371.09,369.01,371.65
2021-07-05,372.0,372.5,370.0,374.12
2021-07-06,372.6,375.99,371.5,376.0
2021-07-07,376.0,375.39,374.02,377.39
2021-07-08,375.8,376.0,374.75,376.89
2021-07-09,376.99,376.69,374.5,378.3
2021-07-12,373.68,375.62,373.68,377.6
2021-07-13,375.18,376.87,374.0,377.2
2021-07-14,377.25,377.71,375.5,378.2
2021-07-15,378.65,380.5,378.0,381.0
2021-07-16,380.93,379.24,378.8,381.1
2021-07-19,379.06,376.5,376.26,380.24
2021-07-20,376.0,378.48,375.3,379.53
2021-07-21,380.1,377.03,376.1,380.3
2021-07-22,375.01,375.01,374.24,376.4
2021-07-23,376.0,376.37,373.9,376.5
2021-07-26,375.1,377.68,375.0,377.7
2021-07-27,379.49,376.49,374.11,379.5
2021-07-28,375.7,377.94,375.5,378.7
2021-07-29,376.94,378.78,376.0,379.65
2021-07-30,380.5,380.9,378.8,381.0
2021-08-02,380.01,376.25,376.25,380.9
2021-08-03,377.16,376.91,376.0,377.58
2021-08-04,376.42,377.46,376.4,377.65
2021-08-05,377.58,376.75,376.4,380.4
2021-08-06,388.5,374.73,371.0,388.5
2021-08-09,376.98,365.44,362.5,376.98
2021-08-10,365.44,363.5,362.0,365.5
2021-08-11,363.0,362.37,360.5,363.25
2021-08-12,363.98,366.8,363.08,366.99
2021-08-13,366.6,367.69,364.6,367.75
2021-08-16,367.0,371.14,367.0,372.0
2021-08-17,370.0,374.7,370.0,375.0
2021-08-18,366.0,374.2,366.0,375.0
2021-08-19,371.1,372.87,371.1,373.99
2021-08-20,373.5,374.39,372.5,374.99
2021-08-23,374.4,373.66,371.79,374.4
2021-08-24,373.79,376.44,373.79,377.0
2021-08-25,376.4,374.4,374.35,377.0
2021-08-26,375.0,373.27,372.8,375.5
2021-08-27,373.5,376.39,372.1,377.0
2021-08-30,376.0,377.5,374.0,379.78
2021-08-31,377.51,377.55,376.0,378.2
2021-09-01,379.98,377.38,375.2,379.98
2021-09-02,379.0,377.29,376.3,379.0
2021-09-03,376.8,376.95,375.63,377.6
2021-09-06,377.99,379.43,377.99,380.98
2021-09-07,380.49,378.5,377.79,380.49
2021-09-08,378.48,374.85,373.8,378.48
2021-09-09,375.98,373.17,371.6,375.98
2021-09-10,375.38,374.09,371.81,375.38
2021-09-13,374.8,372.95,371.8,374.8
2021-09-14,373.0,373.0,372.05,373.79
2021-09-15,373.0,374.1,371.4,375.5
2021-09-16,374.8,371.09,370.0,375.3
2021-09-17,370.0,367.73,364.2,370.0
2021-09-22,372.0,372.23,371.0,372.75
2021-09-23,372.0,368.54,368.05,372.0
2021-09-24,370.0,366.69,365.11,370.0
2021-09-27,366.5,367.74,364.3,368.11
2021-09-28,367.9,364.62,363.6,367.97
2021-09-29,364.2,363.64,362.0,364.39
2021-09-30,364.3,362.14,361.0,364.47
2021-10-08,367.19,365.9,365.9,367.43
2021-10-11,367.0,365.15,365.0,370.5
2021-10-12,367.0,367.37,276.99,367.79
2021-10-13,367.1,367.16,366.6,368.2
2021-10-14,369.5,371.99,366.4,372.49
2021-10-15,372.8,371.09,371.0,373.2
2021-10-18,367.09,366.36,366.01,370.49
2021-10-19,367.74,367.87,366.03,367.97
2021-10-20,367.8,366.64,364.5,368.1
2021-10-21,367.54,368.2,366.2,369.0
2021-10-22,368.0,369.89,367.3,370.0
2021-10-25,369.5,369.5,367.01,372.5
2021-10-26,371.8,370.45,370.01,372.3
2021-10-27,370.99,367.49,366.51,370.99
2021-10-28,368.5,371.67,367.5,371.76
2021-10-29,369.09,370.19,369.09,372.0
2021-11-01,368.0,368.58,366.65,369.5
2021-11-02,367.0,370.23,367.0,370.5
2021-11-03,370.63,367.35,366.8,370.63
2021-11-04,368.29,366.4,364.1,368.29
2021-11-05,366.8,370.89,366.8,371.0
2021-11-08,371.97,374.61,369.6,376.2
2021-11-09,374.0,375.89,374.0,376.5
2021-11-10,375.8,375.67,375.3,377.2
2021-11-11,376.4,382.2,375.6,383.0
2021-11-12,383.0,382.15,380.0,383.7
2021-11-15,380.0,380.68,380.0,383.5
2021-11-16,381.5,382.39,381.04,383.5
2021-11-17,384.99,381.7,380.0,385.5
2021-11-18,381.7,382.5,381.4,383.7
2021-11-19,383.0,382.68,381.02,383.19
2021-11-22,383.2,378.51,378.2,383.3
2021-11-23,379.5,372.48,371.0,379.5
2021-11-24,368.53,369.89,368.0,372.0
2021-11-25,368.5,369.78,367.5,369.88
2021-11-26,369.76,372.18,368.2,372.2
2021-11-29,373.0,369.44,369.0,373.0
2021-11-30,369.01,368.51,367.25,369.5
2021-12-01,369.0,367.32,364.75,371.0
2021-12-02,368.18,365.55,365.2,368.18
2021-12-03,365.99,365.16,363.7,367.6
2021-12-06,366.56,367.99,363.59,368.0
2021-12-07,368.89,367.47,366.4,368.89
2021-12-08,367.47,367.73,365.3,376.18
2021-12-09,366.4,366.67,365.6,367.3
2021-12-10,365.8,365.85,364.5,367.1
2021-12-13,365.5,367.52,365.21,367.77
2021-12-14,369.0,367.63,366.8,369.0
2021-12-15,366.9,363.94,363.6,366.9
2021-12-16,365.0,367.35,363.41,367.75
2021-12-17,367.5,371.99,366.5,372.1
2021-12-20,371.53,371.0,371.0,373.5
2021-12-21,369.51,368.9,368.4,371.0
2021-12-22,371.09,367.8,367.8,371.09
2021-12-23,369.0,371.82,368.5,372.02
2021-12-24,371.5,372.69,370.1,372.89
2021-12-27,371.6,372.27,371.51,372.94
2021-12-28,378.8,373.55,260.88,378.8
2021-12-29,373.6,371.61,371.15,373.8
2021-12-30,360.8,369.79,280.01,371.1
2021-12-31,370.7,373.85,369.7,374.48
2022-01-04,373.0,371.3,371.0,373.0
2022-01-05,371.3,372.84,370.4,373.97
2022-01-06,373.6,370.84,369.7,374.8
2022-01-07,372.6,368.37,367.9,372.6
2022-01-10,367.01,368.87,367.0,369.8
2022-01-11,370.5,372.06,368.8,372.5
2022-01-12,373.3,373.31,370.9,374.7
2022-01-13,373.8,374.29,373.05,374.9
2022-01-14,375.25,374.18,372.5,375.25
2022-01-17,375.0,372.89,371.91,375.0
2022-01-18,371.0,371.64,300.0,372.9
2022-01-19,372.8,371.8,370.6,374.1
2022-01-20,372.0,376.39,372.0,377.0
2022-01-21,374.5,376.64,374.5,377.6
2022-01-24,375.05,375.72,374.8,377.0
2022-01-25,375.21,376.34,374.0,376.49
2022-01-26,376.0,376.67,375.5,377.38
2022-01-27,376.22,370.28,369.8,376.99
2022-01-28,370.8,369.04,368.1,371.9
2022-02-07,369.47,371.35,369.47,371.54
2022-02-08,371.02,373.11,371.0,373.78
2022-02-09,373.4,374.87,373.0,375.1
2022-02-10,374.95,375.7,275.05,376.3
2022-02-11,375.99,373.84,373.7,376.0
2022-02-14,374.6,379.9,373.0,381.15
2022-02-15,380.68,384.04,379.9,384.35
2022-02-16,380.0,378.94,367.59,381.9
2022-02-17,378.52,382.29,378.01,382.8
2022-02-18,384.99,385.47,383.2,386.6
2022-02-21,385.47,385.28,384.1,387.29
2022-02-22,385.4,390.44,385.4,390.58
2022-02-23,386.36,386.41,385.98,388.29
2022-02-24,385.33,395.14,385.3,396.75
2022-02-25,396.8,389.61,388.0,399.99
2022-02-28,386.5,386.7,384.0,390.0
2022-03-01,387.5,387.9,385.0,389.5
2022-03-02,390.5,394.67,388.02,394.8
2022-03-03,394.67,391.95,390.5,394.67
2022-03-04,393.0,393.99,391.6,395.6
2022-03-07,393.99,401.5,393.8,405.5
2022-03-08,402.9,409.96,398.5,410.98
2022-03-09,405.0,415.11,405.0,418.0
2022-03-10,410.0,402.1,399.3,410.01
2022-03-11,405.97,403.6,402.8,408.0
2022-03-14,403.01,400.69,399.8,404.5
2022-03-15,400.0,393.7,392.0,400.19
2022-03-16,390.0,391.31,389.8,394.8
2022-03-17,391.0,394.09,388.06,395.0
2022-03-18,395.9,395.64,393.4,397.49
2022-03-21,396.0,393.66,393.0,396.4
2022-03-22,393.16,396.25,393.0,397.78
2022-03-23,394.6,393.81,392.5,395.5
2022-03-24,396.0,398.0,396.0,399.59
2022-03-25,400.99,400.0,399.0,402.4
2022-03-28,398.5,396.5,396.5,401.6
2022-03-29,397.0,394.0,394.0,398.7
2022-03-30,391.5,393.84,387.7,394.54
2022-03-31,393.85,394.14,392.15,395.5
2022-04-01,394.3,395.2,392.61,396.8
2022-04-06,393.89,393.2,393.0,394.97
2022-04-07,393.02,394.3,393.02,395.52
2022-04-08,395.44,395.12,394.3,396.15
2022-04-11,396.0,398.39,395.58,399.0
2022-04-12,401.0,400.28,398.05,402.5
2022-04-13,401.48,401.91,400.05,403.49
2022-04-14,403.8,403.41,402.8,404.5
2022-04-15,403.51,404.48,402.0,404.98
2022-04-18,402.45,406.82,402.45,407.2
2022-04-19,407.33,404.81,403.65,407.59
2022-04-20,405.0,399.86,398.6,405.85
2022-04-21,401.0,403.7,400.6,404.38
2022-04-22,402.5,405.74,401.0,406.0
2022-04-25,404.0,403.98,402.75,406.5
2022-04-26,402.99,400.17,399.1,402.99
2022-04-27,401.0,400.64,400.0,402.19
2022-04-28,400.58,399.95,397.31,401.2
2022-04-29,401.6,405.2,401.0,406.4
2022-05-05,403.51,402.69,402.05,404.19
2022-05-06,404.0,403.0,400.7,406.0
2022-05-09,403.99,403.8,402.3,405.0
2022-05-10,402.8,402.36,401.4,404.7
2022-05-11,401.58,400.35,397.5,404.99
2022-05-12,400.1,402.69,400.0,403.5
2022-05-13,402.5,398.95,398.91,403.45
2022-05-16,397.6,396.26,394.8,397.6
2022-05-17,396.49,397.18,394.45,398.3
2022-05-18,396.9,394.78,393.2,398.19
2022-05-19,395.0,394.86,390.09,396.0
2022-05-20,397.0,396.61,396.6,399.0
2022-05-23,396.25,398.23,395.4,399.3
2022-05-24,398.0,399.31,396.5,399.39
2022-05-25,398.6,399.36,398.0,400.0
2022-05-26,400.0,400.87,398.5,401.1
2022-05-27,400.0,402.5,400.0,402.7
2022-05-30,401.4,399.09,398.5,402.2
2022-05-31,400.5,398.35,397.31,400.5
2022-06-01,400.0,395.62,394.8,400.0
2022-06-02,395.5,398.22,394.8,398.8
2022-06-06,399.99,397.0,396.7,399.99
2022-06-07,398.75,396.31,394.8,398.75
2022-06-08,398.0,397.0,395.0,398.49
2022-06-09,393.99,398.29,393.05,399.53
2022-06-10,397.0,397.19,396.66,398.3
2022-06-13,396.5,403.02,394.7,404.6
2022-06-14,403.0,396.48,395.5,403.0
2022-06-15,397.8,394.34,393.01,397.8
2022-06-16,396.3,395.2,393.5,396.5
2022-06-17,397.9,398.09,392.8,398.19
2022-06-20,399.0,396.69,396.2,399.0
2022-06-21,398.0,395.46,395.45,398.0
2022-06-22,396.8,395.91,394.8,396.99
2022-06-23,398.0,396.08,395.9,398.2
2022-06-24,396.2,393.85,393.0,397.5
2022-06-27,396.0,396.11,392.8,396.8
2022-06-28,395.2,393.87,393.0,395.5
2022-06-29,394.99,392.68,392.51,395.64
2022-06-30,394.0,391.7,391.7,394.9
2022-07-01,393.0,388.42,387.71,394.0
2022-07-04,391.0,390.59,386.0,392.32
2022-07-05,391.3,390.01,389.5,391.3
2022-07-06,390.0,382.64,381.3,390.0
2022-07-07,384.0,377.29,375.1,384.0
2022-07-08,377.0,376.19,375.9,377.99
2022-07-11,379.5,376.5,375.0,379.5
2022-07-12,376.0,377.27,374.6,378.99
2022-07-13,378.5,374.7,374.0,378.5
2022-07-14,377.2,374.29,372.0,378.47
2022-07-15,377.27,371.89,371.3,377.27
2022-07-18,372.8,374.0,371.2,374.0
2022-07-19,374.66,372.43,371.9,374.66
2022-07-20,373.5,372.4,372.1,373.5
2022-07-21,373.5,369.57,368.11,373.87
2022-07-22,369.79,375.68,369.1,375.7
2022-07-25,375.98,377.08,375.4,378.0
2022-07-26,377.9,377.18,374.5,377.9
2022-07-27,377.0,376.07,375.0,377.0
2022-07-28,375.51,379.5,374.8,380.3
2022-07-29,371.0,383.96,371.0,385.1
2022-08-01,381.0,385.13,381.0,386.6
2022-08-02,386.95,387.16,386.0,389.7
2022-08-03,388.8,385.58,383.62,389.96
2022-08-04,386.47,387.05,384.0,387.8
2022-08-05,389.0,390.19,386.8,390.38
2022-08-08,387.0,388.02,385.95,389.7
2022-08-09,389.0,389.32,388.35,390.0
2022-08-10,390.2,390.27,387.0,391.8
2022-08-11,387.09,388.7,336.2,392.45
2022-08-12,391.0,390.17,389.0,391.0
2022-08-15,390.0,390.64,388.5,392.0
2022-08-16,388.51,390.27,388.2,390.97
2022-08-17,391.3,388.72,388.61,391.3
2022-08-18,389.67,387.2,386.5,389.67
2022-08-19,387.0,386.13,384.0,388.5
2022-08-22,387.2,385.07,385.0,387.5
2022-08-23,384.6,387.33,384.4,387.39
2022-08-24,387.3,388.88,386.2,388.97
2022-08-25,388.98,390.04,388.2,390.15
2022-08-26,388.1,390.47,388.1,390.99
2022-08-29,389.2,387.5,387.0,389.5
2022-08-30,388.5,388.9,388.05,390.1
2022-08-31,388.6,386.83,386.4,388.6
2022-09-01,386.7,384.26,383.0,386.7
2022-09-02,383.0,384.34,381.01,384.89
2022-09-05,383.5,387.14,383.5,387.49
2022-09-06,387.0,388.75,385.5,389.3
2022-09-07,389.0,387.39,385.51,389.0
2022-09-08,388.5,389.73,386.62,389.99
2022-09-09,390.2,390.13,387.5,390.5
2022-09-13,389.5,389.37,389.0,390.0
2022-09-14,390.5,386.66,386.5,390.5
2022-09-15,387.6,385.36,384.81,387.85
2022-09-16,386.0,384.64,383.0,386.0
2022-09-19,384.8,384.3,384.0,385.97
2022-09-20,384.8,385.58,384.15,386.7
2022-09-21,385.58,386.76,384.0,386.99
2022-09-22,387.17,385.71,384.0,389.0
2022-09-23,387.0,387.96,386.51,388.1
2022-09-26,385.5,385.84,384.0,385.99
2022-09-27,385.0,386.0,383.65,386.0
2022-09-28,386.0,385.83,385.1,387.35
2022-09-29,387.0,389.0,386.5,389.97
2022-09-30,385.5,390.0,385.5,390.4
2022-10-10,390.0,392.49,390.0,396.1
2022-10-11,391.2,392.01,391.2,392.9
2022-10-12,392.01,392.57,391.8,393.0
2022-10-13,392.08,392.83,392.08,393.3
2022-10-14,394.0,392.45,390.5,394.0
2022-10-17,390.2,390.97,390.0,392.0
2022-10-18,391.0,390.8,390.45,392.01
2022-10-19,391.0,390.01,389.85,391.54
2022-10-20,390.0,388.6,388.3,390.05
2022-10-21,390.0,388.93,388.01,390.0
2022-10-24,388.3,393.32,388.3,393.5
2022-10-25,393.4,393.68,393.05,394.88
2022-10-26,393.94,393.96,393.4,394.9
2022-10-27,392.8,393.18,392.4,393.97
2022-10-28,393.0,392.55,392.5,393.99
2022-10-31,392.5,391.76,391.05,392.6
2022-11-01,392.0,391.99,391.05,392.48
2022-11-02,392.97,392.6,391.56,393.39
2022-11-03,392.97,391.98,391.5,393.9
2022-11-04,390.48,392.7,366.01,392.82
2022-11-07,391.4,394.5,391.4,395.0
2022-11-08,394.99,395.18,394.4,396.0
2022-11-09,395.99,403.56,395.5,403.8
2022-11-10,403.02,402.53,402.0,404.5
2022-11-11,403.65,407.19,403.5,410.0
2022-11-14,410.0,402.47,400.0,412.51
2022-11-15,403.6,404.99,403.6,406.3
2022-11-16,406.0,406.77,405.0,407.15
2022-11-17,407.5,407.31,406.78,408.3
2022-11-18,408.0,406.6,406.6,408.0
2022-11-21,406.3,404.71,404.01,406.5
2022-11-22,406.9,404.93,404.0,406.9
2022-11-23,404.5,404.35,404.1,405.2
2022-11-24,404.3,405.9,404.0,406.8
2022-11-25,407.89,406.3,405.25,407.89
2022-11-28,407.5,406.87,406.7,408.94
2022-11-29,408.2,406.68,405.83,408.5
2022-11-30,407.0,405.76,405.0,407.0
2022-12-01,404.3,407.48,403.2,407.5
2022-12-02,407.75,410.0,407.5,410.0
2022-12-05,408.0,406.17,405.05,408.9
2022-12-06,404.4,403.56,401.5,404.69
2022-12-07,403.5,402.4,401.21,403.5
2022-12-08,402.0,403.41,401.8,403.58
2022-12-09,403.0,404.72,403.0,405.0
2022-12-12,405.5,403.69,402.6,406.5
2022-12-13,404.0,405.0,403.2,405.0
2022-12-14,404.54,409.0,403.0,409.0
2022-12-15,407.0,404.38,404.38,408.0
2022-12-16,402.8,403.69,401.8,404.0
2022-12-19,403.4,405.79,403.4,406.75
2022-12-20,405.6,405.78,404.2,406.1
2022-12-21,406.5,409.98,405.8,410.48
2022-12-22,408.6,409.94,408.3,410.8
2022-12-23,409.94,409.03,406.0,410.98
2022-12-26,404.07,407.53,404.07,408.0
2022-12-27,407.2,407.98,406.59,408.0
2022-12-28,408.5,408.99,407.5,410.0
2022-12-29,408.5,407.19,407.0,409.1
2022-12-30,408.0,410.49,408.0,411.23
2023-01-03,411.0,412.26,409.0,412.5
2023-01-04,410.5,413.84,410.0,413.98
2023-01-05,413.4,412.73,412.3,414.2
2023-01-06,412.2,409.35,408.5,412.2
2023-01-09,407.0,413.42,407.0,414.49
2023-01-10,414.0,414.13,412.2,414.2
2023-01-11,414.0,415.0,413.58,415.0
2023-01-12,414.25,414.37,412.0,414.51
2023-01-13,414.7,414.43,413.0,415.0
2023-01-16,415.0,417.21,413.3,418.4
2023-01-17,418.0,418.19,417.5,418.89
2023-01-18,419.5,418.23,416.39,419.5
2023-01-19,418.23,419.21,417.3,420.0
2023-01-20,419.21,422.45,418.0,423.5
2023-01-30,425.0,422.67,420.0,425.0
2023-01-31,421.0,418.33,418.3,422.0
2023-02-01,416.0,421.67,416.0,423.0
2023-02-02,421.5,425.85,420.5,425.9
2023-02-03,425.8,419.52,418.5,426.1
2023-02-06,420.0,414.04,413.3,420.0
2023-02-07,414.5,413.0,412.55,415.0
2023-02-08,413.6,413.45,412.0,414.0
2023-02-09,414.8,414.54,412.5,414.8
2023-02-10,414.25,412.65,410.4,415.0
2023-02-13,412.2,413.83,412.0,414.1
2023-02-14,413.3,413.08,411.1,413.9
2023-02-15,413.0,412.4,411.95,414.15
2023-02-16,412.01,412.0,411.0,413.99
2023-02-17,412.0,411.35,411.0,412.7
2023-02-20,412.5,413.15,411.8,414.17
2023-02-21,414.0,411.8,411.6,414.0
2023-02-22,412.7,414.0,412.21,414.0
2023-02-23,415.0,412.78,412.2,415.0
2023-02-24,412.78,414.01,411.9,414.7
2023-02-27,414.5,413.04,412.82,414.5
2023-02-28,414.0,412.69,412.6,414.09
2023-03-01,413.3,414.75,412.5,416.9
2023-03-02,414.0,414.3,413.6,414.75
2023-03-03,415.0,416.21,414.2,416.49
2023-03-06,417.0,420.26,416.35,420.42
2023-03-07,420.0,419.76,419.3,421.0
2023-03-08,418.6,415.22,414.8,418.6
2023-03-09,415.6,415.46,414.8,415.79
2023-03-10,415.8,417.73,415.5,419.49
2023-03-13,417.5,421.45,417.4,424.18
2023-03-14,423.2,427.0,422.9,427.0
2023-03-15,426.5,426.56,425.0,427.0
2023-03-16,427.77,430.29,427.77,433.5
2023-03-17,432.0,432.42,430.0,433.0
2023-03-20,433.0,449.23,433.0,466.72
2023-03-21,449.0,441.36,424.09,449.0
2023-03-22,439.07,434.14,434.0,439.3
2023-03-23,434.0,438.2,433.3,439.09
2023-03-24,438.0,439.66,437.0,441.5
2023-03-27,443.34,437.22,437.0,443.34
2023-03-28,435.3,435.81,433.9,438.29
2023-03-29,435.8,437.01,435.8,438.87
2023-03-30,437.5,437.19,436.51,439.49
2023-03-31,438.8,440.74,437.0,440.99
2023-04-03,439.7,435.56,434.0,439.7
2023-04-04,439.5,439.51,438.8,440.3
2023-04-06,446.0,446.69,445.6,446.9
2023-04-07,446.6,445.9,444.5,446.6
2023-04-10,446.0,442.33,441.0,446.0
2023-04-11,442.0,444.19,441.0,444.2
2023-04-12,444.5,447.34,443.4,448.51
2023-04-13,448.0,447.86,445.0,448.3
2023-04-14,449.68,449.35,449.0,451.65
2023-04-17,449.5,445.44,442.5,449.5
2023-04-18,446.0,443.7,440.0,446.0
2023-04-19,445.0,443.52,442.4,446.65
2023-04-20,442.5,444.15,439.6,444.6
2023-04-21,444.15,442.44,441.5,445.69
2023-04-24,442.0,441.64,439.5,444.65
2023-04-25,441.5,445.44,440.0,445.7
2023-04-26,447.18,445.93,442.3,447.18
2023-04-27,446.2,446.72,444.5,447.0
2023-04-28,446.0,443.37,442.6,447.0
2023-05-04,447.49,452.79,447.49,457.0
2023-05-05,453.7,454.92,452.95,456.7
2023-05-08,453.0,450.3,446.2,453.0
2023-05-09,454.89,451.14,449.8,454.89
2023-05-10,453.5,452.6,451.3,453.5
2023-05-11,452.6,452.86,452.0,455.19
2023-05-12,454.5,450.41,449.1,454.5
2023-05-15,450.0,452.13,450.0,453.49
2023-05-16,455.49,450.96,450.0,455.49
2023-05-17,456.08,449.17,448.01,456.08
2023-05-18,456.04,448.5,447.0,456.04
2023-05-19,453.42,446.72,445.1,453.42
2023-05-22,446.0,448.43,444.5,449.99
2023-05-23,448.3,446.0,446.0,448.55
2023-05-24,452.71,448.87,446.49,452.71
2023-05-25,451.18,447.64,446.3,451.18
2023-05-26,451.77,445.28,443.8,451.77
2023-05-29,446.99,444.56,443.4,446.99
2023-05-30,449.48,443.77,443.02,449.48
2023-05-31,449.8,449.62,446.6,450.1
2023-06-01,479.94,449.23,449.15,479.94
2023-06-02,455.71,451.11,450.0,455.71
2023-06-05,455.84,446.31,445.53,455.84
2023-06-06,448.0,449.02,445.3,449.94
2023-06-07,453.79,449.29,448.0,453.79
2023-06-08,454.86,447.59,447.15,454.86
2023-06-09,450.5,450.88,447.5,451.2
2023-06-12,455.51,451.45,450.0,455.51
2023-06-13,454.0,453.21,449.7,454.0
2023-06-14,456.0,450.2,449.2,456.0
2023-06-15,450.1,446.32,445.72,451.0
2023-06-16,451.0,450.07,446.0,451.0
2023-06-19,451.0,450.33,449.5,451.01
2023-06-20,452.0,451.13,449.8,452.0
2023-06-21,452.3,449.97,447.4,452.3
2023-06-26,449.9,449.3,448.0,449.9
2023-06-27,453.34,449.25,447.9,453.34
2023-06-28,454.38,446.8,446.0,454.38
2023-06-29,448.5,447.09,447.0,448.5
2023-06-30,450.0,448.47,446.0,450.0
2023-07-03,449.0,449.5,448.9,450.99
2023-07-04,453.0,450.0,449.5,453.0
2023-07-05,451.0,450.74,450.0,451.0
2023-07-06,452.0,450.41,450.01,452.0
2023-07-07,452.89,449.92,447.21,452.89
2023-07-10,453.9,451.35,449.0,453.9
2023-07-11,453.9,450.29,449.1,453.9
2023-07-12,453.97,451.26,450.56,453.97
2023-07-13,453.6,454.9,451.5,455.39
2023-07-14,455.0,452.5,452.3,455.0
2023-07-17,456.59,454.15,453.2,456.59
2023-07-18,456.0,456.34,453.5,456.35
2023-07-19,458.6,462.17,456.45,462.2
2023-07-20,457.88,460.94,457.88,462.3
2023-07-21,462.0,458.33,457.8,462.0
2023-07-24,460.0,458.63,456.78,461.89
2023-07-25,462.0,455.58,455.5,462.0
2023-07-26,460.0,457.99,455.0,460.0
2023-07-27,463.0,458.85,456.8,463.0
2023-07-28,463.0,455.68,454.5,463.0
2023-07-31,463.0,455.35,454.9,463.0
2023-08-01,457.3,456.44,456.0,457.69
2023-08-02,457.5,456.81,454.5,457.5
2023-08-03,458.0,454.7,454.2,458.0
2023-08-04,454.5,454.02,453.2,460.0
2023-08-07,494.3,454.89,454.0,494.3
2023-08-08,459.0,454.84,453.5,459.0
2023-08-09,458.0,455.05,454.3,458.0
2023-08-10,455.0,453.62,452.8,455.0
2023-08-11,455.0,455.25,453.9,456.0
2023-08-14,456.5,455.95,455.0,456.5
2023-08-15,456.0,456.0,454.8,456.1
2023-08-16,465.0,456.79,456.2,465.0
2023-08-17,465.0,456.7,455.8,465.0
2023-08-18,465.0,456.1,455.6,465.0
2023-08-21,465.0,457.92,455.5,465.0
2023-08-22,465.0,457.82,456.7,465.0
2023-08-23,465.0,458.32,456.8,475.0
2023-08-24,463.9,459.7,458.5,463.9
2023-08-25,468.0,459.0,458.6,468.0
2023-08-28,464.0,459.14,458.18,464.0
2023-08-29,469.0,460.35,459.6,469.0
2023-08-30,470.0,461.96,460.35,470.0
2023-08-31,470.0,464.16,462.01,470.1
2023-09-01,475.0,463.79,461.5,475.0
2023-09-04,465.0,465.5,462.5,466.01
2023-09-05,465.0,465.85,463.8,465.95
2023-09-06,466.0,464.13,464.12,466.0
2023-09-07,465.0,464.38,464.25,465.7
2023-09-08,466.0,467.68,465.2,467.75
2023-09-11,467.5,468.09,467.21,468.8
2023-09-12,468.0,469.4,467.9,469.5
2023-09-13,469.0,470.21,468.0,470.9
2023-09-14,475.0,474.7,470.1,475.0
2023-09-15,476.0,469.6,467.05,480.4
2023-09-18,477.99,469.18,467.0,477.99
2023-09-19,469.5,471.26,468.0,471.7
2023-09-20,472.0,472.0,471.3,474.7
2023-09-21,474.2,472.83,472.2,476.0
2023-09-22,471.0,471.72,469.4,473.6
2023-09-25,470.0,475.73,470.0,475.75
2023-09-26,475.0,474.04,473.0,475.8
2023-09-27,474.5,462.68,462.0,474.5
2023-09-28,467.0,447.1,445.5,467.0
2023-10-09,446.0,438.0,438.0,459.0
2023-10-10,446.0,449.88,446.0,452.0
2023-10-11,435.5,450.42,435.5,451.5
2023-10-12,451.0,451.05,446.5,453.7
2023-10-13,452.0,453.99,452.0,454.77
2023-10-16,451.01,460.24,451.01,465.31
2023-10-17,460.1,462.61,460.0,463.5
2023-10-18,462.55,466.0,461.52,467.4
2023-10-19,466.4,468.95,466.4,469.85
2023-10-20,468.5,474.84,468.5,476.8
2023-10-23,465.31,472.47,465.31,475.97
2023-10-24,471.11,473.31,471.11,473.95
2023-10-25,476.0,471.0,470.0,476.0
2023-10-26,470.01,474.17,469.6,474.5
2023-10-27,473.2,475.8,472.2,475.98
2023-10-30,474.5,476.9,473.68,488.0
2023-10-31,476.5,476.86,475.9,478.0
2023-11-01,477.0,475.4,474.8,478.48
2023-11-02,474.67,476.32,474.0,477.15
2023-11-03,476.0,476.99,474.61,477.0
2023-11-06,476.0,474.63,474.02,479.0
2023-11-07,473.0,471.44,471.0,475.0
2023-11-08,469.92,470.5,468.0,471.83
2023-11-09,470.0,467.73,467.0,470.0
2023-11-10,466.5,469.46,465.1,470.5
2023-11-13,466.5,468.94,464.1,469.7
2023-11-14,467.7,470.78,465.0,470.8
2023-11-15,468.11,471.55,468.11,472.4
2023-11-16,471.55,470.88,469.5,471.79
2023-11-17,469.3,471.65,469.3,473.0
2023-11-20,470.2,466.35,466.0,470.8
2023-11-21,464.0,466.79,463.1,467.0
2023-11-22,464.5,465.69,464.4,469.0
2023-11-23,463.2,465.0,463.2,467.0
2023-11-24,463.0,465.02,463.0,465.79
2023-11-27,464.11,469.83,464.11,469.95
2023-11-28,470.0,471.31,470.0,471.6
2023-11-29,470.0,474.22,470.0,475.7
2023-11-30,473.5,474.04,473.5,475.2
2023-12-01,472.5,474.32,472.5,475.3
2023-12-04,475.0,480.45,475.0,487.0
2023-12-05,479.5,473.93,471.5,480.5
2023-12-06,472.0,473.7,470.8,473.8
2023-12-07,471.9,474.45,471.9,474.79
2023-12-08,473.3,474.1,472.8,474.9
2023-12-11,474.6,469.34,468.2,474.6
2023-12-12,468.5,467.76,466.3,470.39
2023-12-13,472.0,466.01,465.0,472.0
2023-12-14,467.5,475.03,466.8,498.0
2023-12-15,474.0,474.0,473.0,475.0
2023-12-18,480.0,473.82,470.1,480.0
2023-12-19,473.82,473.99,471.8,474.7
2023-12-20,478.0,476.6,473.0,478.0
2023-12-21,476.5,475.54,474.0,476.99
2023-12-22,474.0,478.66,474.0,480.2
2023-12-25,480.0,479.0,477.2,481.5
2023-12-26,479.0,480.49,479.0,480.6
2023-12-27,480.0,482.17,479.3,482.7
2023-12-28,481.6,482.19,481.6,484.5
2023-12-29,480.5,479.59,471.9,486.0
2024-01-02,480.8,483.66,480.0,483.8
2024-01-03,482.0,481.49,481.03,483.5
2024-01-04,479.0,480.4,477.0,482.0
2024-01-05,480.2,480.0,479.2,482.32
2024-01-08,479.5,479.0,477.86,483.0
2024-01-09,480.9,478.66,476.0,480.94
2024-01-10,479.5,478.08,477.9,480.3
2024-01-11,478.8,478.2,477.71,480.56
2024-01-12,478.51,479.18,477.12,495.0
2024-01-15,480.1,483.44,480.1,483.99
2024-01-16,482.32,482.7,482.32,484.0
2024-01-17,481.03,477.3,477.11,482.49
2024-01-18,478.0,476.0,476.0,479.51
2024-01-19,478.1,479.51,477.1,482.0
2024-01-22,480.1,478.39,477.5,481.0
2024-01-23,479.49,478.52,477.5,479.65
2024-01-24,478.31,478.0,477.8,479.0
2024-01-25,479.45,475.8,475.0,479.5
2024-01-26,476.5,479.26,475.75,479.5
2024-01-29,478.45,479.2,476.0,480.2
2024-01-30,478.11,480.15,478.11,480.9
2024-01-31,479.5,480.0,479.5,481.93
2024-02-01,480.01,480.0,480.0,482.2
2024-02-02,479.81,483.55,479.81,483.8
2024-02-05,484.0,479.11,479.08,484.0
2024-02-06,480.79,478.81,477.0,480.79
2024-02-07,479.8,480.08,478.6,481.28
2024-02-08,479.11,480.58,479.0,482.49
2024-02-09,479.2,479.99,478.48,482.2
2024-02-19,478.1,479.52,477.5,481.9
2024-02-20,479.52,479.66,479.08,480.3
2024-02-21,480.95,479.57,479.31,480.95
2024-02-22,479.21,479.32,478.4,480.4
2024-02-23,479.21,477.81,477.65,480.0
2024-02-26,478.8,480.57,478.8,481.0
2024-02-27,480.79,481.3,479.58,481.3
2024-02-28,481.3,480.1,480.05,481.97
2024-02-29,479.6,480.96,479.6,481.5
2024-03-01,480.0,483.4,480.0,483.44
2024-03-04,482.88,489.0,482.88,490.0
2024-03-05,489.43,496.52,489.0,496.6
2024-03-06,498.09,499.76,497.5,503.99
2024-03-07,499.5,505.1,499.5,506.0
2024-03-08,505.1,505.84,503.0,505.99
2024-03-11,507.0,507.29,505.1,509.99
2024-03-12,507.3,505.24,505.15,507.9
2024-03-13,504.5,504.79,503.26,506.0
2024-03-14,505.2,505.2,505.0,507.95
2024-03-15,505.3,507.12,504.5,507.2
2024-03-18,505.5,503.26,502.7,506.3
2024-03-19,504.5,504.06,503.21,505.94
2024-03-20,504.2,505.2,503.6,505.2
2024-03-21,504.51,514.94,504.0,514.95
2024-03-22,514.94,511.16,508.0,515.5
2024-03-25,510.7,511.13,510.7,514.8
2024-03-26,511.2,512.52,511.2,513.9
2024-03-27,517.0,515.94,514.0,517.5
2024-03-28,516.0,518.8,516.0,518.9
2024-03-29,520.5,527.54,519.0,538.0
2024-04-01,528.0,533.74,527.11,533.8
2024-04-02,529.81,533.8,528.0,533.9
2024-04-03,533.8,537.5,533.0,540.7
2024-04-08,537.5,554.11,537.5,560.0
2024-04-09,552.0,555.5,550.5,558.3
2024-04-10,556.0,557.9,554.5,559.97
2024-04-11,554.3,554.14,551.0,556.89
2024-04-12,553.5,567.21,553.5,569.87
2024-04-15,567.01,558.68,556.0,576.99
2024-04-16,559.0,562.5,552.66,569.0
2024-04-17,562.61,564.46,562.02,569.0
2024-04-18,566.3,563.37,558.8,568.0
2024-04-19,562.8,565.55,561.0,573.96
2024-04-22,563.1,556.55,555.8,567.6
2024-04-23,552.8,544.01,542.01,553.55
2024-04-24,544.0,548.33,544.0,549.3
2024-04-25,546.01,548.16,544.6,550.0
2024-04-26,555.0,553.0,546.0,555.0
2024-04-29,552.0,549.06,548.0,553.0
2024-04-30,549.2,545.8,545.67,550.0
2024-05-06,545.8,544.13,540.0,545.8
2024-05-07,544.1,544.84,543.3,547.6
2024-05-08,543.0,544.18,542.5,545.9
2024-05-09,545.6,543.43,543.0,545.6
2024-05-10,544.0,556.34,544.0,556.4
2024-05-13,556.5,553.01,552.1,558.0
2024-05-14,552.0,550.66,550.6,553.6
2024-05-15,552.8,555.99,552.3,561.5
2024-05-16,555.0,560.35,554.5,563.5
2024-05-17,559.5,561.44,558.5,563.0
2024-05-20,562.0,573.8,562.0,578.0
2024-05-21,572.0,568.96,566.3,576.0
2024-05-22,570.5,568.6,568.1,572.5
2024-05-23,570.0,556.72,554.0,570.0
2024-05-24,556.54,551.43,547.52,556.54
2024-05-27,551.0,551.6,550.83,554.98
2024-05-28,553.0,552.7,552.5,556.3
2024-05-29,556.0,555.76,554.9,558.0
2024-05-30,555.0,551.72,548.5,555.0
2024-05-31,551.5,553.6,551.5,558.3
2024-06-03,553.5,549.19,546.38,556.5
2024-06-04,550.0,553.49,550.0,554.8
2024-06-05,548.5,550.25,547.31,553.0
2024-06-06,550.8,559.36,550.8,561.0
2024-06-07,556.0,559.9,556.0,562.0
2024-06-11,545.0,543.95,541.88,548.0
2024-06-12,544.0,545.97,544.0,546.5
2024-06-13,550.5,546.26,544.0,550.5
2024-06-14,544.5,546.24,542.0,547.0
2024-06-17,550.0,547.33,546.2,552.0
2024-06-18,546.0,547.64,546.0,548.88
2024-06-19,547.2,550.06,546.0,554.0
2024-06-20,550.0,554.35,549.0,554.58
2024-06-21,552.0,556.25,552.0,558.8
2024-06-24,558.0,549.98,548.0,559.0
2024-06-25,549.0,549.75,548.5,550.5
2024-06-26,550.1,546.18,544.74,551.0
2024-06-27,546.9,543.88,542.3,546.9
2024-06-28,547.5,549.88,547.31,550.1
2024-07-01,549.0,549.2,547.8,551.0
2024-07-02,552.0,549.5,549.0,552.0
2024-07-03,549.0,554.16,549.0,554.2
2024-07-04,554.5,556.45,554.5,558.0
2024-07-05,557.5,557.96,555.6,558.09
2024-07-08,556.01,559.22,556.01,563.5
2024-07-09,559.0,555.9,555.42,559.8
2024-07-10,556.0,560.85,554.3,560.88
2024-07-11,561.55,561.78,559.15,561.9
2024-07-12,558.8,563.26,558.8,567.49
2024-07-15,564.0,563.66,563.45,566.4
2024-07-16,567.0,570.82,566.49,571.3
2024-07-17,571.0,577.37,569.31,581.5
2024-07-18,576.0,577.56,572.8,579.22
2024-07-19,575.01,561.9,560.2,575.6
2024-07-22,560.0,563.32,556.5,563.7
2024-07-23,562.0,560.0,558.56,563.79
2024-07-24,562.9,566.35,562.86,566.48
2024-07-25,566.2,552.4,550.9,568.2
2024-07-26,549.01,555.5,548.0,557.88
2024-07-29,555.5,558.79,555.5,560.99
2024-07-30,558.0,558.68,553.5,559.5
2024-07-31,558.0,563.26,556.8,565.5
2024-08-01,563.0,568.61,563.0,571.0
2024-08-02,568.5,571.17,566.26,571.5
2024-08-05,570.0,560.7,554.0,570.0
2024-08-06,550.0,554.28,544.0,559.4
2024-08-07,555.2,554.7,550.07,558.9
2024-08-08,556.5,555.16,552.0,556.7
2024-08-09,558.0,560.94,557.2,562.0
2024-08-12,560.5,564.1,560.05,564.49
2024-08-13,564.4,567.84,564.4,570.98
2024-08-14,568.0,566.71,563.5,568.15
2024-08-15,567.5,565.66,561.0,567.5
2024-08-16,566.0,566.14,562.0,567.9
2024-08-19,561.02,572.26,561.02,574.01
2024-08-20,570.5,572.75,569.6,573.9
2024-08-21,576.0,574.5,570.5,576.0
2024-08-22,574.0,572.89,571.5,574.95
2024-08-23,573.0,571.58,567.0,573.0
2024-08-26,572.5,574.89,571.05,575.0
2024-08-27,576.0,573.99,572.5,576.0
2024-08-28,573.5,573.33,573.0,576.0
2024-08-29,572.5,574.9,571.5,575.7
2024-08-30,574.0,573.44,571.8,575.97
2024-09-02,573.0,570.7,568.6,573.99
2024-09-03,571.0,571.48,569.5,572.0
2024-09-04,569.65,567.53,566.6,570.5
2024-09-05,569.8,571.79,568.61,571.8
2024-09-06,572.5,572.84,571.0,573.2
2024-09-09,571.7,570.26,566.5,573.0
2024-09-10,570.3,572.72,570.0,572.8
2024-09-11,574.0,575.74,571.95,575.78
2024-09-12,575.5,575.0,571.8,575.5
2024-09-13,575.0,582.54,575.0,583.8
2024-09-18,584.99,581.98,581.85,585.0
2024-09-19,583.5,583.05,579.2,585.0
2024-09-20,585.0,588.3,582.0,588.32
2024-09-23,590.0,592.2,588.0,593.96
2024-09-24,592.5,592.0,590.6,595.0
2024-09-25,591.0,595.66,587.35,599.28
2024-09-26,597.5,597.15,596.8,600.0
2024-09-27,600.0,597.16,596.0,600.56
2024-09-30,598.7,595.25,593.0,598.8
2024-10-08,592.01,593.4,592.01,601.0
2024-10-09,595.0,588.6,586.5,596.5
2024-10-10,589.0,590.89,586.6,595.0
2024-10-11,590.18,597.3,590.0,597.5
2024-10-14,596.5,600.82,596.5,602.8
2024-10-15,600.0,603.26,598.0,603.45
2024-10-16,602.0,609.96,602.0,610.59
2024-10-17,610.0,612.66,609.0,613.5
2024-10-18,612.3,616.83,612.0,621.39
2024-10-21,618.0,624.06,610.0,624.7
2024-10-22,625.99,625.0,620.0,627.0
2024-10-23,625.0,628.68,625.0,628.85
2024-10-24,628.68,623.03,617.0,628.68
2024-10-25,623.5,621.5,620.0,624.5
2024-10-28,621.0,624.65,621.0,626.24
2024-10-29,624.5,629.5,623.5,630.0
2024-10-30,629.0,636.75,628.61,637.49
2024-10-31,635.01,634.0,633.51,655.0
2024-11-01,634.0,627.67,622.5,634.0
2024-11-04,628.0,623.48,621.55,630.0
2024-11-05,623.48,623.78,620.0,625.0
2024-11-06,623.5,624.69,621.0,629.78
2024-11-07,622.7,610.01,608.0,622.7
2024-11-08,610.0,612.85,610.0,617.38
2024-11-11,615.0,613.3,612.31,619.0
2024-11-12,612.1,602.81,602.4,612.1
2024-11-13,601.7,603.09,601.6,604.98
2024-11-14,603.24,591.12,589.0,604.55
2024-11-15,591.0,591.97,590.0,595.3
2024-11-18,591.5,598.77,591.5,602.0
2024-11-19,601.0,607.3,599.0,608.2
2024-11-20,610.0,608.0,607.0,611.89
2024-11-21,609.7,616.42,609.7,616.68
2024-11-22,617.0,623.91,616.5,624.0
2024-11-25,625.0,616.51,614.0,627.0
2024-11-26,620.0,607.0,606.0,620.0
2024-11-27,609.0,613.8,607.0,614.49
2024-11-28,614.9,611.77,606.01,614.9
2024-11-29,612.0,614.88,609.0,616.2
2024-12-02,616.0,613.18,608.2,616.0
2024-12-03,615.0,616.72,615.0,618.0
2024-12-04,616.0,615.86,614.8,618.0
2024-12-05,615.0,616.0,614.0,617.99
2024-12-06,616.0,614.09,609.06,616.0
2024-12-09,613.8,617.26,612.0,618.5
2024-12-10,619.0,619.63,618.41,622.5
2024-12-11,621.0,624.79,621.0,627.0
2024-12-12,626.0,628.83,625.5,629.9
2024-12-13,626.5,622.43,621.25,631.0
2024-12-16,620.0,618.34,616.35,625.0
2024-12-17,621.0,618.21,616.7,621.0
2024-12-18,616.0,616.5,614.0,619.0
2024-12-19,616.5,614.53,607.0,616.5
2024-12-20,615.0,611.83,608.0,616.0
2024-12-23,611.1,618.4,611.1,618.94
2024-12-24,600.0,616.34,600.0,617.0
2024-12-25,615.2,616.8,615.05,617.89
2024-12-26,617.5,618.07,616.5,618.98
2024-12-27,618.0,618.55,618.0,619.5
2024-12-30,616.5,616.5,614.5,618.0
2024-12-31,615.5,614.8,613.6,617.7
2025-01-02,614.0,621.99,614.0,622.6
2025-01-03,624.4,626.87,624.4,627.6
2025-01-06,627.5,624.32,623.9,629.0
2025-01-07,626.0,625.0,619.0,626.0
2025-01-08,626.0,628.35,625.0,630.0
2025-01-09,626.5,630.37,626.5,631.0
2025-01-10,632.7,633.82,631.0,635.0
2025-01-13,633.5,636.9,632.5,638.98
2025-01-14,634.5,632.44,630.5,634.5
2025-01-15,633.0,634.5,630.0,635.9
2025-01-16,634.7,637.04,634.5,638.6
2025-01-17,638.0,637.63,637.5,641.2
2025-01-20,637.5,637.5,632.5,640.0
2025-01-21,636.5,639.0,632.0,640.0
2025-01-22,637.65,643.48,637.6,646.4
2025-01-23,644.0,644.02,642.0,645.99
2025-01-24,644.0,645.51,641.01,647.98
2025-01-27,646.5,643.1,642.75,650.0
2025-02-05,669.21,667.87,660.5,669.78
2025-02-06,668.88,667.38,666.51,671.65
2025-02-07,670.0,668.99,663.0,670.0
2025-02-10,669.0,679.65,666.0,679.99
2025-02-11,682.0,683.52,679.0,692.0
2025-02-12,681.0,680.21,677.5,682.81
2025-02-13,677.8,683.86,675.0,685.47
2025-02-14,684.5,686.58,683.5,687.5
2025-02-17,686.0,676.28,674.0,687.0
2025-02-18,677.0,682.85,676.8,683.4
2025-02-19,685.0,686.9,682.0,689.99
2025-02-20,688.0,689.18,684.0,689.49
2025-02-21,688.3,683.47,681.2,690.0
2025-02-24,683.0,685.58,681.9,687.0
2025-02-25,687.99,685.17,684.0,688.59
2025-02-26,684.0,679.3,675.0,686.99
2025-02-27,680.0,676.52,675.3,681.7
2025-02-28,676.0,670.78,670.0,677.8
2025-03-03,671.0,671.78,665.5,676.28
2025-03-04,674.0,679.97,673.0,679.99
2025-03-05,680.0,681.57,678.3,682.47
2025-03-06,681.0,679.7,677.0,681.8
2025-03-07,677.0,679.48,677.0,680.7
2025-03-10,680.0,681.99,678.5,684.0
2025-03-11,680.9,676.71,675.0,680.9
2025-03-12,679.0,679.43,678.0,680.4
2025-03-13,680.0,683.77,679.0,685.89
2025-03-14,685.5,692.67,685.5,697.79
2025-03-17,698.0,695.4,693.8,698.0
2025-03-18,696.0,700.8,695.0,701.35
2025-03-19,702.0,707.7,702.0,708.5
2025-03-20,701.5,709.09,701.5,710.89
2025-03-21,707.55,706.55,704.39,710.0
2025-03-24,706.5,705.92,701.0,707.0
2025-03-25,705.41,704.56,703.0,705.8
2025-03-26,705.0,707.79,705.0,708.0
2025-03-27,706.5,709.29,705.5,709.7
2025-03-28,714.0,721.03,711.1,722.0
2025-03-31,721.5,730.8,719.0,730.9
2025-04-01,730.8,735.84,726.0,739.4
2025-04-02,738.1,732.5,730.0,738.1
2025-04-03,735.9,738.94,732.0,747.5
2025-04-07,705.0,713.98,703.31,727.0
2025-04-08,718.9,717.5,710.0,719.9
2025-04-09,718.0,728.88,713.0,729.0
2025-04-10,732.0,741.26,728.0,744.99
2025-04-11,743.5,757.1,740.5,762.0
2025-04-14,757.0,762.47,756.31,765.5
2025-04-15,765.3,762.9,757.0,765.3
2025-04-16,762.0,781.62,761.5,781.9
2025-04-17,782.0,786.0,780.0,795.36
2025-04-18,788.5,788.62,778.0,790.49
2025-04-21,790.0,804.11,787.0,806.0
2025-04-22,808.2,825.8,805.0,834.6
2025-04-23,829.0,786.99,780.55,829.0
2025-04-24,787.0,792.47,775.0,802.3
2025-04-25,792.47,785.6,780.5,803.0
2025-04-28,787.6,778.4,776.01,788.0
2025-04-29,781.0,780.05,780.0,791.0
2025-04-30,783.0,780.19,778.01,784.76
2025-05-06,785.0,792.2,785.0,797.5
2025-05-07,792.9,798.51,791.8,801.0
2025-05-08,789.0,786.5,785.0,807.9
2025-05-09,792.0,785.5,774.05,799.0
2025-05-12,787.0,759.0,755.0,788.0
2025-05-13,743.0,763.9,742.0,765.8
2025-05-14,760.0,758.38,757.05,764.0
