month,date,open,high,low,close,volume,shares_bought,total_shares,total_invested,portfolio_value
1990-12,1990-12-19,96.05,99.98,95.79,99.98,126000,8.335000333400014,8.335000333400014,833.3333333333334,833.3333333333335
1991-01,1991-01-02,127.61,128.84,127.61,128.84,9100,6.467970609541551,14.802970942941565,1666.6666666666667,1907.2147762885913
1991-02,1991-02-01,129.5,129.97,129.45,129.51,34500,6.434509561681209,21.237480504622773,2500.0,2750.466100153695
1991-03,1991-03-01,132.53,132.53,132.47,132.53,712400,6.287884504137428,27.5253650087602,3333.3333333333335,3647.9366246109894
1991-04,1991-04-01,120.69,120.73,119.68,120.73,1199900,6.902454512824761,34.427819521584965,4166.666666666667,4156.470650840953
1991-05,1991-05-02,113.04,113.2,113.03,113.16,146500,7.364204076823378,41.79202359840834,5000.0,4729.185390395888
1991-06,1991-06-03,115.9,115.97,114.89,115.97,95400,7.185766433847834,48.97779003225617,5833.333333333334,5679.954310040748
1991-07,1991-07-01,136.64,138.62,136.56,136.85,2294000,6.089392278650592,55.067182310906766,6666.666666666667,7535.943899247591
1991-08,1991-08-01,145.12,145.24,143.8,145.24,473100,5.737629670430552,60.804811981337316,7500.0,8831.290892169432
1991-09,1991-09-02,180.08,180.22,178.43,180.22,140800,4.6239781008397145,65.42879008217703,8333.333333333334,11791.576548609944
1991-10,1991-10-03,181.55,182.48,179.8,182.48,1874100,4.566710507087535,69.99550058926457,9166.666666666668,12772.778947528997
1991-11,1991-11-01,220.71,220.72,218.6,220.72,590600,3.775522532318473,73.77102312158304,10000.0,16282.74022339581
1991-12,1991-12-02,261.78,262.19,259.67,262.19,1912800,3.178356662471236,76.94937978405427,10833.333333333334,20175.35788558119
1992-01,1992-01-02,293.74,293.75,292.76,293.75,92800,2.8368794326241136,79.78625921667839,11666.666666666668,23437.213644899275
1992-02,1992-02-03,314.18,314.18,313.24,314.18,30500,2.6524073248880686,82.43866654156646,12500.0,25900.58025402935
1992-03,1992-03-02,365.15,365.39,364.66,365.39,340500,2.2806681445396246,84.71933468610608,13333.333333333334,30955.5977009563
1992-04,1992-04-01,381.55,381.85,381.01,381.01,406500,2.1871691906599127,86.906503876766,14166.666666666668,33112.24704208661
1992-05,1992-05-04,454.86,456.24,445.38,453.62,6436200,1.8370736152139089,88.7435774919799,15000.0,40255.86162191193
1992-06,1992-06-01,1175.69,1249.58,1129.28,1183.24,3939400,0.7042809010288136,89.44785839300872,15833.333333333334,105838.28396494364
1992-07,1992-07-01,1199.54,1215.13,1182.05,1194.18,5833000,0.6978289146806456,90.14568730768936,16666.666666666668,107650.17686909648
1992-08,1992-08-03,1034.7,1060.36,1026.83,1031.55,6010300,0.8078457983940026,90.95353310608336,17500.0,93823.11707558027
1992-09,1992-09-01,826.96,832.84,807.37,824.96,7869400,1.01014998707008,91.96368309315343,18333.333333333336,75866.36000452786
1992-10,1992-10-05,676.47,702.32,668.9,679.62,9411600,1.2261754117497032,93.18985850490314,19166.666666666668,63333.691637102274
1992-11,1992-11-02,471.18,508.81,465.55,477.61,12622600,1.7447987549116086,94.93465725981476,20000.0,45341.741653860125
1992-12,1992-12-01,718.99,749.89,713.85,716.74,21540400,1.162671726614021,96.09732898642878,20833.333333333336,68876.79957773296
1993-01,1993-01-04,784.13,816.64,777.16,814.04,18385000,1.0237007190473852,97.12102970547616,21666.666666666668,79060.4030214458
1993-02,1993-02-01,1242.35,1278.5,1222.18,1278.5,68344100,0.6518055012384305,97.77283520671459,22500.0,125002.5698117846
1993-03,1993-03-01,1328.22,1339.1,1199.73,1199.73,42590100,0.6946007296086064,98.4674359363232,23333.333333333336,118134.33691588504
1993-04,1993-04-01,921.59,949.77,915.59,947.23,13829400,0.8797581720736604,99.34719410839686,24166.666666666668,94104.64267529677
1993-05,1993-05-03,1365.15,1380.5,1349.98,1352.24,59518900,0.6162614131613717,99.96345552155823,25000.0,135174.5830944719
1993-06,1993-06-01,935.9,935.9,859.48,928.58,27585800,0.897427613488696,100.86088313504693,25833.333333333336,93657.39886154188
1993-07,1993-07-01,1000.8,1009.89,980.05,997.53,39904300,0.8353967633387802,101.69627989838571,26666.666666666668,101445.09008703669
1993-08,1993-08-02,885.31,913.15,842.35,843.27,132710100,0.9882165063779494,102.68449640476366,27500.0,86590.75528324505
1993-09,1993-09-01,898.01,900.18,886.57,893.97,24555300,0.9321714748071337,103.6166678795708,28333.333333333336,92630.1925842999
1993-10,1993-10-04,895.69,901.37,891.33,892.55,56342800,0.9336545104849402,104.55032239005574,29166.666666666668,93316.39024924424
1993-11,1993-11-01,801.86,823.25,801.86,816.71,64697100,1.020354022031484,105.57067641208722,30000.0,86220.62713251576
1993-12,1993-12-01,993.67,993.74,971.49,974.8,121788100,0.8548762139242239,106.42555262601145,30833.333333333336,103743.62869983596
1994-01,1994-01-03,837.7,840.65,831.66,833.9,101005600,0.9993204620857817,107.42487308809723,31666.666666666668,89581.60166816428
1994-02,1994-02-01,770.25,770.28,750.61,755.15,49170200,1.1035335143128298,108.52840660241006,32500.0,81955.22624580996
1994-03,1994-03-01,771.52,775.68,756.63,757.29,122736700,1.1004150765668812,109.62882167897693,33333.333333333336,83020.81036927244
1994-04,1994-04-01,704.93,705.41,691.86,698.84,165498700,1.1924522542117413,110.82127393318868,34166.66666666667,77446.33907546959
1994-05,1994-05-03,593.94,605.77,588.95,605.77,140076100,1.3756596287920058,112.19693356198069,35000.0,67965.53644384103
1994-06,1994-06-01,554.08,556.9,543.88,545.05,225002400,1.5289117206372507,113.72584528261794,35833.333333333336,61986.2719712909
1994-07,1994-07-01,469.27,469.43,457.51,458.37,52899500,1.8180363752717965,115.54388165788974,36666.66666666667,52961.849035526924
1994-08,1994-08-01,394.87,448.91,377.97,445.64,620399100,1.8699697812883345,117.41385143917807,37500.0,52324.30875535531
1994-09,1994-09-01,785.61,813.42,785.56,790.19,863573700,1.0545986830171645,118.46845012219524,38333.333333333336,93612.58460205745
1994-10,1994-10-05,770.9,775.85,681.87,706.42,326109800,1.1796570501023944,119.64810717229763,39166.66666666667,84521.81586865449
1994-11,1994-11-01,667.66,675.66,657.27,673.79,119961500,1.2367849527795507,120.88489212507717,40000.0,81451.03146495574
1994-12,1994-12-01,684.02,684.72,680.0,682.3,26898100,1.221359128438126,122.1062512535153,40833.333333333336,83313.09523027348
1995-01,1995-01-03,637.72,647.71,630.53,639.88,23451800,1.3023275197432853,123.40857877325858,41666.66666666667,78966.6813854327
1995-02,1995-02-06,559.78,559.84,532.91,533.72,30000000,1.5613680081940593,124.96994678145265,42500.0,66698.9599961969
1995-03,1995-03-01,548.91,559.48,545.72,556.95,40751600,1.4962444264895112,126.46619120794216,43333.333333333336,70435.34519326339
1995-04,1995-04-03,651.04,660.61,647.43,656.88,211416000,1.2686233913855398,127.7348145993277,44166.66666666667,83906.44501400639
1995-05,1995-05-02,576.69,580.28,574.9,579.04,80734300,1.4391636732062265,129.17397827253393,45000.0,74796.90037892804
1995-06,1995-06-01,703.72,708.67,702.08,708.67,90697400,1.1759116843288604,130.3498899568628,45833.333333333336,92375.05651572996
1995-07,1995-07-03,623.14,623.19,612.92,613.18,126025600,1.3590354110266698,131.70892536788946,46666.66666666667,80761.27885708245
1995-08,1995-08-01,697.22,718.24,688.65,715.4,319420100,1.1648495014444136,132.8737748693339,47500.0,95057.89854152146
1995-09,1995-09-01,726.05,728.85,720.99,728.84,203653300,1.1433693723359493,134.01714424166983,48333.333333333336,97677.05540909864
1995-10,1995-10-04,724.04,725.2,716.07,717.79,122204500,1.1609709432192332,135.17811518488907,49166.66666666667,97029.49929856152
1995-11,1995-11-01,716.46,727.5,712.27,723.39,303568700,1.1519834851647568,136.33009867005381,50000.0,98619.83007693023
1995-12,1995-12-01,631.55,639.49,624.93,633.81,92195100,1.3147999137491257,137.64489858380293,50833.333333333336,87240.71317140013
1996-01,1996-01-02,550.26,550.26,537.38,537.87,48247800,1.5493210874994578,139.1942196713024,51666.66666666667,74868.39493460342
1996-02,1996-02-01,536.24,537.17,532.61,536.68,96221700,1.55275645325582,140.74697612455822,52500.0,75536.08714652789
1996-03,1996-03-04,583.38,601.98,572.91,601.98,448092300,1.3843206308072251,142.13129675536544,53333.333333333336,85560.1980207949
1996-04,1996-04-01,566.21,573.95,561.95,566.19,137165400,1.4718263009472674,143.6031230563127,54166.66666666667,81306.6522432537
1996-05,1996-05-02,715.97,721.66,652.76,654.43,517900100,1.2733727569538889,144.8764958132666,55000.0,94811.52515507604
1996-06,1996-06-03,643.955,652.519,636.457,641.092,323304400,1.2998654379298655,146.17636125119645,55833.333333333336,93712.49578725203
1996-07,1996-07-01,800.909,801.05,755.322,761.115,602765200,1.0948849166464114,147.27124616784286,56666.66666666667,112090.35452703772
1996-08,1996-08-01,823.172,843.014,814.886,835.105,371330400,0.9978785102871296,148.26912467813,57500.0,123820.28736432975
1996-09,1996-09-02,812.942,813.567,803.128,804.778,362917600,1.035482248934903,149.3046069270649,58333.333333333336,120157.06295354944
1996-10,1996-10-03,887.852,891.705,864.672,865.486,585527500,0.9628501597175846,150.26745708678249,59166.66666666667,130054.38036421103
1996-11,1996-11-01,935.169,962.107,906.955,930.789,797474700,0.8952977885786504,151.16275487536114,60000.0,140700.62944768253
1996-12,1996-12-02,1056.675,1134.903,1056.675,1134.523,2041152800,0.7345230844445934,151.89727795980573,60833.333333333336,172330.95548279266
1997-01,1997-01-02,914.06,920.193,909.464,919.435,265303700,0.9063537208539303,152.80363168065966,61666.66666666667,140493.0070943073
1997-02,1997-02-17,969.531,985.207,959.749,982.404,361696600,0.8482593040473505,153.65189098470702,62500.0,150948.2323109401
1997-03,1997-03-03,1044.613,1063.045,1043.927,1063.045,900594500,0.7839116249390509,154.43580260964606,63333.333333333336,164172.2077851712
1997-04,1997-04-01,1243.873,1246.31,1234.246,1241.028,836788800,0.6714863269268166,155.10728893657287,64166.66666666667,192492.48857437717
1997-05,1997-05-05,1398.141,1448.99,1398.048,1448.926,1028834700,0.5751386429212626,155.68242757949415,65000.0,225572.31706304612
1997-06,1997-06-02,1302.82,1336.424,1302.162,1336.283,634405900,0.6236203957794371,156.30604797527357,65833.33333333334,208869.1147065425
1997-07,1997-07-02,1255.909,1261.571,1147.331,1199.061,392386100,0.6949882727678854,157.00103624804146,66666.66666666667,188253.81952461283
1997-08,1997-08-01,1191.651,1194.031,1182.223,1192.828,328647800,0.6986198624892552,157.69965611053073,67500.0,188108.56539901215
1997-09,1997-09-01,1224.177,1230.066,1219.101,1229.865,679821600,0.6775811437298674,158.3772372542606,68333.33333333334,194782.6208957112
1997-10,1997-10-06,1100.7,1105.411,1091.152,1098.903,156593300,0.7583320214189363,159.13556927567953,69166.66666666667,174874.55448375206
1997-11,1997-11-03,1181.162,1185.069,1176.547,1180.854,256218200,0.7057039509823682,159.84127322666188,70000.0,188749.2068547966
1997-12,1997-12-01,1137.588,1139.293,1130.449,1133.087,231287500,0.7354539707306971,160.5767271973926,70833.33333333334,181947.40208991198
1998-01,1998-01-05,1200.948,1220.495,1200.222,1220.473,437153200,0.682795386160393,161.25952258355298,71666.66666666667,196812.89330611666
1998-02,1998-02-09,1257.995,1262.623,1244.426,1248.04,435858400,0.6677136416567846,161.92723622520975,72500.0,202091.6678985108
1998-03,1998-03-02,1196.742,1205.746,1182.612,1188.306,484315500,0.7012784024765787,162.62851462768634,73333.33333333334,193252.43970316745
1998-04,1998-04-01,1243.373,1255.01,1240.058,1254.965,622217400,0.6640291429110241,163.29254377059738,74166.66666666667,204926.42719306774
1998-05,1998-05-04,1353.056,1355.516,1345.359,1352.926,1103649100,0.615948938325772,163.90849270892315,75000.0,221756.06140671254
1998-06,1998-06-01,1418.354,1420.553,1411.061,1415.575,983990100,0.5886889308820327,164.49718163980518,75833.33333333334,232858.09789976722
1998-07,1998-07-01,1363.265,1367.147,1315.184,1316.441,555041600,0.6330198872059845,165.13020152701117,76666.66666666667,217384.1676284201
1998-08,1998-08-03,1315.135,1315.47,1299.927,1302.102,462257500,0.6399908250915315,165.7701923521027,77500.0,215849.69900205763
1998-09,1998-09-01,1142.5,1163.171,1123.635,1143.125,562208900,0.7289958082741025,166.4991881603768,78333.33333333334,190329.38446583072
1998-10,1998-10-05,1245.737,1246.603,1231.4,1234.779,450409500,0.6748846014819926,167.1740727618588,79166.66666666667,206423.03439081527
1998-11,1998-11-02,1217.338,1223.531,1210.846,1223.478,434854200,0.6811183636594473,167.85519112551825,80000.0,205367.13352786683
1998-12,1998-12-01,1249.007,1251.868,1231.996,1234.358,387952700,0.6751147830154084,168.53030590853365,80833.33333333334,208026.73134064575
1999-01,1999-01-04,1144.888,1144.889,1124.213,1125.819,233951700,0.7402018737766314,169.2705077823103,81666.66666666667,190567.95380097278
1999-02,1999-02-01,1131.651,1131.66,1118.548,1120.531,508415200,0.7436950279227735,170.01420281023306,82500.0,190506.18468915325
1999-03,1999-03-01,1092.145,1098.36,1084.156,1097.975,288540700,0.7589729577935139,170.77317576802656,83333.33333333334,187504.67766389894
1999-04,1999-04-01,1158.681,1168.528,1158.442,1168.504,620212400,0.7131625850945598,171.4863383531211,84166.66666666667,200382.47231097543
1999-05,1999-05-04,1120.908,1121.91,1108.893,1111.757,408896600,0.7495642782850329,172.23590263140613,85000.0,191484.4704017842
1999-06,1999-06-01,1283.3,1311.601,1276.116,1311.594,1722944900,0.6353592143097128,172.87126184571585,85833.33333333334,226736.90980926986
1999-07,1999-07-01,1678.838,1678.838,1540.034,1560.787,3126123000,0.5339186790595599,173.4051805247754,86666.66666666667,270648.5514957226
1999-08,1999-08-02,1607.062,1622.383,1603.369,1616.276,1165873700,0.5155885092232597,173.92076903399865,87500.0,281103.96489119524
1999-09,1999-09-01,1627.821,1629.076,1595.963,1599.552,685913700,0.5209792075114366,174.44174824151008,88333.33333333334,279028.6472832039
1999-10,1999-10-08,1568.238,1568.375,1531.799,1534.515,331275400,0.5430597506921296,174.9848079922022,89166.66666666667,268516.8126361542
1999-11,1999-11-01,1501.735,1506.994,1488.234,1493.096,619149400,0.5581244162018607,175.54293240840406,90000.0,262102.45020725846
1999-12,1999-12-01,1434.978,1447.682,1432.946,1447.116,497560200,0.5758580053937165,176.11879041379777,90833.33333333334,254864.31950845337
2000-01,2000-01-04,1368.693,1407.518,1361.214,1406.371,903402300,0.5925416076791497,176.71133202147692,91666.66666666667,248521.69272637652
2000-02,2000-02-14,1591.445,1674.132,1587.818,1673.943,4358082000,0.49782658867914464,177.20915861015607,92500.0,296638.03059136047
2000-03,2000-03-01,1720.597,1721.14,1692.509,1697.744,2248835500,0.49084746188667633,177.70000607204275,93333.33333333334,301689.1191087741
2000-04,2000-04-03,1799.575,1816.86,1798.254,1801.003,1886111200,0.4627051333803072,178.16271120542305,94166.66666666667,320871.57736910053
2000-05,2000-05-08,1848.173,1852.903,1828.097,1836.637,895912400,0.45372783698321084,178.61643904240626,95000.0,328053.5607535279
2000-06,2000-06-01,1900.533,1906.817,1889.995,1903.488,1465458300,0.43779279582184566,179.0542318382281,95833.33333333334,340827.58165328513
2000-07,2000-07-03,1917.442,1917.447,1890.528,1895.637,1578473600,0.43960596534744434,179.49383780357556,96666.66666666667,340255.16021245654
2000-08,2000-08-01,2027.013,2031.925,2023.453,2028.151,902065500,0.4108832790720875,179.90472108264765,97500.0,364873.93996849295
2000-09,2000-09-01,2009.151,2026.351,1997.717,1999.859,931539000,0.4166960437377502,180.3214171263854,98333.33333333334,360617.40893295594
2000-10,2000-10-09,1912.076,1915.495,1897.238,1915.35,516677600,0.43508149076322,180.75649861714862,99166.66666666667,346211.9596263556
2000-11,2000-11-01,1961.081,1977.373,1959.721,1977.363,850194000,0.42143669793221245,181.17793531508084,100000.0,358254.5457084342
2000-12,2000-12-01,2073.089,2082.028,2071.495,2081.843,1228528600,0.400286348842508,181.57822166392336,100833.33333333334,378017.34972348716
2001-01,2001-01-02,2077.076,2103.538,2074.882,2103.469,1865074600,0.39617096012983,181.9743926240532,101666.66666666667,382777.49367852457
2001-02,2001-02-05,2069.856,2072.547,2005.683,2008.032,897424300,0.41500002656000173,182.3893926506132,102500.0,366243.7369029961
2001-03,2001-03-01,1959.009,1968.357,1953.721,1965.121,1166736900,0.4240620976180771,182.81345474823127,103333.33333333334,359250.55900829897
2001-04,2001-04-02,2117.45,2126.967,2114.778,2125.084,2373835600,0.3921413616277443,183.20559610985902,104166.66666666667,389327.2810035236
2001-05,2001-05-08,2119.898,2138.038,2119.894,2137.994,848036700,0.3897734667792956,183.59536957663832,105000.0,392525.7985826353
2001-06,2001-06-01,2216.56,2223.264,2212.16,2219.591,1780580700,0.37544454511364184,183.97081412175197,105833.33333333334,408339.9632873136
2001-07,2001-07-02,2220.419,2223.207,2201.586,2205.985,1208340700,0.37776019933650196,184.34857432108848,106666.66666666667,406670.1897237064
2001-08,2001-08-01,1925.24,1986.94,1925.24,1986.93,743892696,0.4194074946441663,184.76798181573264,107500.0,367121.0461091337
2001-09,2001-09-03,1831.703,1831.796,1813.367,1817.19,375756500,0.4585834906274706,185.2265653063601,108333.33333333334,336591.86220906454
2001-10,2001-10-08,1766.133,1773.798,1723.04,1726.533,271852300,0.4826628470659602,185.70922815342607,109166.66666666667,320633.11081141914
2001-11,2001-11-01,1692.351,1717.736,1688.095,1707.754,631984900,0.4879703595092346,186.1971985129353,110000.0,317979.0105492593
2001-12,2001-12-03,1751.051,1767.438,1750.916,1762.562,863915800,0.4727966070602529,186.66999511999555,110833.33333333334,329017.4399386896
2002-01,2002-01-04,1643.485,1643.5,1608.829,1611.393,302848200,0.5171508957363805,187.18714601573194,111666.66666666667,301632.05677972833
2002-02,2002-02-01,1494.577,1507.639,1480.77,1485.77,1340407400,0.5608764030323222,187.74802241876426,112500.0,278950.3792691274
2002-03,2002-03-01,1521.528,1521.567,1501.556,1502.54,571162600,0.5546164051095701,188.30263882387385,113333.33333333334,282932.2469384234
2002-04,2002-04-01,1598.026,1609.917,1589.407,1608.506,667969600,0.5180790953427176,188.82071791921658,114166.66666666667,303719.2576973674
2002-05,2002-05-08,1669.871,1670.917,1651.691,1652.368,475011600,0.5043267197944606,189.32504463901103,115000.0,312834.64536007337
2002-06,2002-06-03,1510.247,1510.259,1480.085,1483.348,517919600,0.5617921980097276,189.88683683702075,115833.33333333334,281668.259648521
2002-07,2002-07-01,1736.293,1740.381,1712.772,1713.705,1551928300,0.48627583705091215,190.37311267407168,116666.66666666667,326243.35505512
2002-08,2002-08-01,1650.054,1659.966,1639.225,1653.008,482500800,0.5041314581256312,190.87724413219732,117500.0,315521.61156847526
2002-09,2002-09-02,1666.341,1669.905,1663.172,1668.774,344460800,0.49936859834425357,191.37661273054158,118333.33333333334,319364.3155327968
2002-10,2002-10-08,1577.052,1577.052,1558.476,1562.993,262379200,0.5331651090781171,191.9097778396197,119166.66666666667,299953.6393948807
2002-11,2002-11-01,1507.383,1511.095,1498.213,1510.76,358179600,0.5515987538280954,192.4613765934478,120000.0,290762.94930231717
2002-12,2002-12-02,1432.029,1432.029,1394.911,1395.675,669514300,0.5970826541518143,193.05845924759961,120833.33333333334,269446.86511039356
2003-01,2003-01-02,1347.433,1351.344,1317.468,1320.63,506568900,0.6310119665109329,193.68947121411054,121666.66666666667,255792.1263694908
2003-02,2003-02-10,1499.166,1499.641,1477.517,1480.169,667252700,0.5629987746894668,194.25246998880002,122500.0,287526.48425085214
2003-03,2003-03-03,1511.585,1525.699,1511.045,1525.483,877537900,0.5462750704749468,194.79874505927495,123333.33333333334,297162.1740092579
2003-04,2003-04-01,1513.001,1525.235,1508.844,1522.546,1333173800,0.5473288382310507,195.346073897506,124166.66666666667,297423.3834283522
2003-05,2003-05-12,1522.981,1536.893,1511.871,1531.867,1549740900,0.543998488989797,195.89007238649577,125000.0,300077.5375164841
2003-06,2003-06-02,1577.987,1578.868,1564.611,1576.528,1166830400,0.5285877151140566,196.41866010160982,125833.33333333334,309659.5173726707
2003-07,2003-07-01,1485.521,1502.571,1482.82,1484.704,663315800,0.5612791056893046,196.9799392072991,126666.66666666667,292456.90366083384
2003-08,2003-08-01,1476.47,1478.359,1464.978,1476.969,629808600,0.5642185674400297,197.54415777473915,127500.0,291766.5971643987
2003-09,2003-09-01,1423.353,1450.041,1420.123,1449.816,898975000,0.5747855819864958,198.11894335672565,128333.33333333334,287236.01398167457
2003-10,2003-10-08,1366.201,1373.081,1359.497,1371.685,432480500,0.6075252943156288,198.72646865104127,129166.66666666667,272590.1161516035
2003-11,2003-11-03,1346.481,1367.336,1339.958,1364.055,1053793000,0.6109235575789344,199.3373922086202,130000.0,271907.16652912943
2003-12,2003-12-01,1398.706,1432.821,1398.706,1432.703,1813416700,0.5816511400711336,199.91904334869133,130833.33333333334,286424.6131628001
2004-01,2004-01-02,1492.724,1526.244,1491.694,1517.193,1668052800,0.5492599381445429,200.46830328683586,131666.6666666667,304149.10646866437
2004-02,2004-02-02,1630.654,1650.291,1585.958,1623.88,3458830000,0.5131742082748315,200.98147749511068,132500.0,326369.80167476035
2004-03,2004-03-01,1676.222,1690.07,1661.339,1689.76,1999017800,0.49316668244800055,201.47464417755867,133333.33333333334,340443.79474547156
2004-04,2004-04-01,1744.709,1758.982,1741.33,1758.147,1796814600,0.47398387810196385,201.94862805566063,134166.6666666667,355055.37457017554
2004-05,2004-05-10,1600.626,1603.074,1555.26,1560.215,818091400,0.5341144222644529,202.4827424779251,135000.0,315916.61205519584
2004-06,2004-06-01,1555.562,1579.82,1553.118,1579.658,1299153100,0.5275403494511682,203.01028282737624,135833.33333333334,320686.8173505275
2004-07,2004-07-01,1398.198,1445.102,1396.347,1441.068,1382216700,0.5782748165480972,203.58855764392433,136666.6666666667,293384.9555868147
2004-08,2004-08-02,1381.877,1383.077,1370.499,1373.217,698313600,0.6068475217925013,204.19540516571683,137500.0,280404.6016954502
2004-09,2004-09-01,1340.75,1340.771,1319.862,1321.462,624639400,0.6306146777836468,204.8260198435005,138333.33333333334,270669.8018344318
2004-10,2004-10-08,1395.669,1423.204,1373.928,1422.929,1381398400,0.5856464611609808,205.41166630466148,139166.6666666667,292286.2169232257
2004-11,2004-11-01,1317.658,1323.101,1304.294,1305.291,1196191500,0.6384272421500902,206.05009354681158,140000.0,268955.3326558112
2004-12,2004-12-01,1340.916,1342.546,1332.967,1334.944,955342900,0.624245910939585,206.67433945775116,140833.33333333334,275898.6694130882
2005-01,2005-01-04,1260.782,1260.782,1238.179,1242.774,816177000,0.6705429413017439,207.3448823990529,141666.6666666667,257682.82887860053
2005-02,2005-02-01,1189.501,1203.066,1187.26,1188.931,934022200,0.7009097528227739,208.04579215187567,142500.0,247352.0917089217
2005-03,2005-03-01,1305.249,1308.758,1295.642,1303.412,1398095200,0.6393475994799291,208.6851397513556,143333.33333333334,272002.7153735939
2005-04,2005-04-01,1180.373,1237.8,1173.543,1223.566,1966033200,0.6810693769958738,209.36620912835147,144166.6666666667,256173.3750383405
2005-05,2005-05-09,1160.62,1165.39,1130.411,1130.835,1086935000,0.7369185896557264,210.1031277180072,145000.0,237591.97043299268
2005-06,2005-06-01,1059.61,1063.518,1035.706,1039.187,1006249000,0.8019089281653191,210.9050366461725,145833.33333333334,219169.77231722604
2005-07,2005-07-01,1077.313,1077.313,1053.631,1055.594,1359781400,0.7894449317951157,211.69448157796762,146666.6666666667,223463.42458681317
2005-08,2005-08-01,1082.796,1094.151,1081.118,1088.948,1473155100,0.7652645795146631,212.45974615748227,147500.0,231357.61565869802
2005-09,2005-09-01,1163.7,1185.76,1160.048,1184.933,3383047500,0.7032746436577708,213.16302080114005,148333.33333333334,252583.89772695728
2005-10,2005-10-10,1153.672,1153.672,1137.289,1138.95,1172006500,0.7316680568359747,213.89468885797604,149166.6666666667,243615.35587479183
2005-11,2005-11-01,1091.677,1094.153,1074.298,1089.95,1398550100,0.7645610654923009,214.65924992346834,150000.0,233967.84945408432
2005-12,2005-12-01,1098.784,1104.563,1094.438,1098.747,893211900,0.7584396893309682,215.4176896127993,150833.33333333334,236689.5402089944
2006-01,2006-01-04,1163.878,1181.004,1161.906,1180.963,2325854200,0.7056388162316122,216.12332842903092,151666.6666666667,255233.65431153364
2006-02,2006-02-06,1263.003,1287.665,1263.003,1287.626,2917750700,0.6471858546917609,216.7705142837227,152500.0,279119.3502250927
2006-03,2006-03-01,1299.154,1308.196,1297.763,1306.586,2364067400,0.6377944760875545,217.40830875981024,153333.33333333334,284062.65250924544
2006-04,2006-04-03,1298.684,1319.485,1298.684,1319.471,3280466900,0.631566236266908,218.03987499607715,154166.6666666667,287697.2919009489
2006-05,2006-05-08,1446.992,1497.202,1446.992,1497.104,5162065500,0.5566302229727083,218.59650521904985,155000.0,327261.7023494604
2006-06,2006-06-01,1639.673,1684.709,1635.746,1684.195,6784386400,0.4947962280693942,219.09130144711924,155833.33333333334,368992.474440731
2006-07,2006-07-03,1677.311,1697.83,1670.016,1697.282,4863659200,0.4909810705194148,219.58228251763865,156666.6666666667,372693.05563610274
2006-08,2006-08-01,1619.635,1625.044,1596.658,1600.614,3231066000,0.5206335402122769,220.10291605785093,157500.0,352299.808883021
2006-09,2006-09-01,1658.66,1660.518,1634.026,1636.691,3595457500,0.5091573994928386,220.61207345734377,158333.33333333334,361073.7951189734
2006-10,2006-10-09,1768.144,1786.11,1763.111,1785.385,5293514300,0.46675273587116134,221.07882619321492,159166.6666666667,394710.820102973
2006-11,2006-11-01,1838.68,1855.887,1833.201,1855.713,4778352600,0.44906369321836587,221.5278898864333,160000.0,411092.1851248228
2006-12,2006-12-01,2106.295,2112.576,2087.601,2102.049,7617896400,0.3964385860335955,221.92432847246687,160833.33333333334,466495.8127412205
2007-01,2007-01-04,2728.188,2847.615,2684.818,2715.719,12015602100,0.30685550800113465,222.231183980468,161666.6666666667,603517.4487282526
2007-02,2007-02-01,2744.814,2801.689,2706.291,2785.432,9344353100,0.29917561560768074,222.53035959607567,162500.0,619843.1845904161
2007-03,2007-03-01,2877.203,2878.355,2760.912,2797.19,12736486000,0.29791802964165226,222.82827762571733,163333.33333333334,623293.0298918802
2007-04,2007-04-02,3196.587,3253.435,3196.587,3252.595,9735044600,0.2562056860240311,223.08448331174137,164166.6666666667,725603.4749973534
2007-05,2007-05-08,3937.938,3964.714,3901.326,3950.011,16056820000,0.2109698766239723,223.29545318836534,165000.0,882019.4963440282
2007-06,2007-06-01,4120.628,4181.28,3966.977,4000.742,16093498500,0.20829469466747252,223.50374788303282,165833.33333333334,894180.8313130605
2007-07,2007-07-02,3800.233,3859.861,3724.187,3836.294,7425406000,0.21722353222493723,223.72097141525776,166666.6666666667,858259.4203145248
2007-08,2007-08-01,4488.774,4502.296,4284.871,4300.563,12629287400,0.1937730788581247,223.9147444941159,167500.0,962959.4653258485
2007-09,2007-09-03,5257.777,5327.538,5257.777,5321.055,12577964900,0.15661054684331083,224.07135504095922,168333.33333333334,1192296.0040974712
2007-10,2007-10-08,5683.31,5729.963,5620.0,5692.755,9598308300,0.1463848933132259,224.21773993427246,169166.6666666667,1276416.6600995292
2007-11,2007-11-01,5978.939,6005.131,5912.502,5914.285,6488510300,0.14090178835367814,224.35864172262615,170000.0,1326920.949360502
2007-12,2007-12-03,4838.564,4899.667,4798.014,4868.611,5375077500,0.17116449298030453,224.52980621560644,170833.33333333334,1093148.28436917
2008-01,2008-01-02,5265.0,5295.016,5201.892,5272.814,7656660900,0.15804337747042344,224.68784959307686,171666.6666666667,1184737.23896427
2008-02,2008-02-01,4388.254,4411.704,4195.753,4320.767,5930714200,0.1928669917478386,224.8807165848247,172500.0,971657.1791560632
2008-03,2008-03-03,4323.698,4456.963,4279.345,4438.265,7851384000,0.18776105828140802,225.06847764310612,173333.33333333334,998913.5469266805
2008-04,2008-04-01,3461.085,3493.133,3308.902,3329.162,5483137600,0.2503132419910276,225.31879088509714,174166.6666666667,750122.7565006118
2008-05,2008-05-05,3739.797,3768.216,3696.697,3761.009,9969691600,0.2215717466598281,225.54036263175698,175000.0,848259.3337213016
2008-06,2008-06-02,3426.195,3483.61,3400.723,3459.044,4918607800,0.2409143489742638,225.78127698073123,175833.33333333334,780987.3714525364
2008-07,2008-07-01,2743.164,2753.33,2644.776,2651.605,4068142300,0.31427506485065965,226.09555204558188,176666.6666666667,599516.0962818251
2008-08,2008-08-01,2751.02,2830.764,2721.952,2801.817,4921541900,0.29742603936421735,226.3929780849461,177500.0,634311.6946790294
2008-09,2008-09-01,2380.468,2380.468,2311.727,2325.135,3626524000,0.3584021286219223,226.751380213568,178333.33333333334,527227.5704328745
2008-10,2008-10-06,2267.394,2267.394,2172.569,2173.738,6093813700,0.3833642018188638,227.13474441538688,179166.6666666667,493731.4250560142
2008-11,2008-11-03,1713.763,1750.319,1702.981,1719.774,3585833200,0.48455979293403284,227.6193042083209,180000.0,391453.7612755608
2008-12,2008-12-01,1865.743,1895.756,1838.1,1894.615,8189035200,0.43984309916966424,228.05914730749055,180833.33333333334,432084.2813759812
2009-01,2009-01-05,1849.02,1880.716,1844.094,1880.716,6713671200,0.44309365865624234,228.5022409661468,181666.6666666667,429747.8206208877
2009-02,2009-02-02,2008.134,2012.742,1987.129,2011.683,8476627200,0.4142468437290236,228.9164878098758,182500.0,460507.4069468344
2009-03,2009-03-02,2066.229,2102.112,2052.992,2093.447,8746258400,0.39806755715971476,229.31455536703552,183333.33333333334,480057.8679894544
2009-04,2009-04-01,2380.979,2422.625,2380.979,2408.017,17985761600,0.3460662168636407,229.66062158389917,184166.6666666667,553026.6810045961
2009-05,2009-05-04,2486.685,2560.544,2486.225,2559.911,15336998400,0.3255321506620087,229.98615373456119,185000.0,588744.0847927943
2009-06,2009-06-01,2668.4,2726.716,2668.4,2721.28,14795955200,0.30622844151771716,230.2923821760789,185833.33333333334,626690.05376812
2009-07,2009-07-01,2950.169,3009.706,2947.69,3008.15,13825012800,0.2770251926710215,230.56940736874992,186666.6666666667,693587.3627763051
2009-08,2009-08-03,3429.693,3465.173,3398.448,3462.59,20081371200,0.24066763126253277,230.81007500001246,187500.0,799200.6575942931
2009-09,2009-09-01,2649.168,2727.077,2639.759,2683.724,9804258400,0.31051379848797167,231.12058879850042,188333.33333333334,620263.8710526668
2009-10,2009-10-09,2840.131,2912.55,2834.618,2911.715,8554655200,0.2862001718345832,231.40678897033501,189166.6666666667,673790.618546759
2009-11,2009-11-02,2933.817,3077.907,2923.525,3076.649,13728611200,0.27085745996157945,231.6776464302966,190000.0,712790.7992121256
2009-12,2009-12-01,3191.058,3240.661,3173.416,3235.363,16527976000,0.25757027367047636,231.93521670396706,190833.33333333334,750394.6185209969
2010-01,2010-01-04,3289.75,3295.279,3243.319,3243.76,10944792800,0.2569035111516676,232.19212021511873,191666.6666666667,753175.5118689936
2010-02,2010-02-01,2981.374,2981.374,2912.887,2941.36,8814711200,0.2833156544364965,232.47543586955524,192500.0,683793.9480492751
2010-03,2010-03-01,3057.006,3093.095,3054.554,3087.842,11103888000,0.2698756391464762,232.74531150870172,193333.33333333334,718680.7481796526
2010-04,2010-04-01,3111.935,3148.344,3111.935,3147.416,12677921600,0.2647674579189193,233.01007896662063,194166.6666666667,733379.6507008052
2010-05,2010-05-04,2821.354,2862.555,2809.132,2835.277,6607984400,0.29391602066864486,233.30399498728926,195000.0,661481.4509955766
2010-06,2010-06-01,2577.763,2598.897,2534.267,2568.283,7466611200,0.3244709922284006,233.62846597951767,195833.33333333334,600024.0174912736
2010-07,2010-07-01,2393.947,2410.769,2371.778,2373.792,4996768800,0.35105575102339776,233.97952173054108,196666.6666666667,555418.7168477846
2010-08,2010-08-02,2635.807,2675.762,2633.647,2672.516,11294463200,0.31181603153482834,234.2913377620759,197500.0,626147.3488305521
2010-09,2010-09-01,2641.053,2662.876,2604.487,2622.882,12716494400,0.3177166694244474,234.60905443150034,198333.33333333334,615351.8659054025
2010-10,2010-10-08,2681.253,2747.805,2677.994,2738.744,13575953600,0.3042757312597794,234.91333016276013,199166.6666666667,643367.4735032783
2010-11,2010-11-01,2986.886,3054.05,2986.886,3054.021,18624318400,0.2728643101449968,235.18619447290513,200000.0,718263.5768303362
2010-12,2010-12-01,2810.543,2834.199,2795.811,2823.449,8126329600,0.2951472944378784,235.481341767343,200833.33333333334,664869.5589316628
2011-01,2011-01-04,2825.329,2855.396,2810.108,2852.648,11007279200,0.29212623966691065,235.7734680070099,201666.6666666667,672578.7119632609
2011-02,2011-02-01,2795.071,2805.049,2785.296,2798.96,7335009600,0.2977296329112718,236.0711976399212,202500.0,660753.8393462339
2011-03,2011-03-01,2906.285,2931.58,2901.552,2918.92,13655504000,0.2854937214220785,236.35669136134328,203333.33333333334,689906.2735484522
2011-04,2011-04-01,2932.481,2967.847,2924.394,2967.41,9984409600,0.28082851150779076,236.63751987285107,204166.6666666667,702200.5428458969
2011-05,2011-05-03,2911.51,2933.46,2890.225,2932.188,9640272000,0.28420187700561267,236.9217217498567,205000.0,694699.0294542687
2011-06,2011-06-01,2737.057,2744.559,2726.495,2743.572,6855550400,0.3037402821334134,237.2254620319901,205833.33333333334,650845.1353180312
2011-07,2011-07-01,2767.834,2778.668,2752.966,2759.362,9207288000,0.30200217779810457,237.5274642097882,206666.6666666667,655424.2586968496
2011-08,2011-08-01,2697.575,2712.888,2688.529,2703.783,5900071200,0.30821013865881003,237.83567434844701,207500.0,643056.053096867
2011-09,2011-09-01,2569.799,2584.804,2547.855,2556.042,5729092800,0.3260248983910802,238.16169924683808,208333.33333333334,608751.3060662865
2011-10,2011-10-10,2363.078,2368.149,2338.685,2344.787,4174530400,0.3553983083893477,238.51709755522742,209166.6666666667,559271.789625229
2011-11,2011-11-01,2450.331,2491.355,2445.527,2470.019,8889241600,0.33737932110373786,238.85447687633115,210000.0,589975.0961195985
2011-12,2011-12-01,2392.485,2423.559,2376.916,2386.86,9865004800,0.34913372939063597,239.2036106057218,210833.33333333334,570945.5300103731
2012-01,2012-01-04,2211.995,2217.52,2168.644,2169.39,4924553600,0.38413255953670544,239.5877431652585,211666.6666666667,519759.2541452801
2012-02,2012-02-01,2288.066,2305.863,2263.342,2268.08,5355381200,0.3674179629172399,239.95516112817575,212500.0,544237.5018515928
2012-03,2012-03-01,2418.788,2437.874,2418.334,2426.115,7508328800,0.34348467955283796,240.29864580772858,213333.33333333334,582992.1490738174
2012-04,2012-04-05,2258.031,2303.824,2251.393,2302.241,8010145600,0.3619661596389489,240.66061196736752,214166.6666666667,554058.7279563642
2012-05,2012-05-02,2421.082,2446.35,2407.788,2438.436,12800600800,0.3417491102220166,241.00236107758954,215000.0,587668.8333365931
2012-06,2012-06-01,2373.224,2388.087,2365.442,2373.436,7702192000,0.3511084071082318,241.35346948469777,215833.33333333334,572837.0131998832
2012-07,2012-07-02,2234.32,2234.873,2215.358,2226.11,6219620800,0.3743450832768072,241.72781456797458,216666.6666666667,538112.7052879139
2012-08,2012-08-01,2101.723,2130.712,2101.708,2123.36,5380460000,0.3924597493281089,242.1202743173027,217500.0,514108.50567438785
2012-09,2012-09-03,2044.825,2066.78,2041.161,2059.147,6063549600,0.40469832087429086,242.524972638177,218333.33333333334,499394.56983298424
2012-10,2012-10-08,2084.849,2096.259,2063.089,2074.419,5513161200,0.4017189069967704,242.92669154517375,219166.6666666667,503931.7445484478
2012-11,2012-11-01,2070.02,2109.496,2069.947,2104.428,8288667200,0.39599042273403195,243.32268196790778,220000.0,512055.06496836024
2012-12,2012-12-03,1977.254,1988.191,1957.884,1959.767,6165337600,0.42522061721282856,243.7479025851206,220833.33333333334,477689.0958055341
2013-01,2013-01-04,2289.51,2296.113,2256.56,2276.992,13946993600,0.36597991268012064,244.11388249780074,221666.6666666667,555845.3575364323
2013-02,2013-02-01,2377.414,2421.154,2369.57,2419.02,14081817600,0.3444921221541506,244.4583746199549,222500.0,591349.6973731633
2013-03,2013-03-01,2364.544,2369.649,2330.858,2359.506,12031275200,0.353181273255221,244.8115558932101,223333.33333333334,577634.3349993646
2013-04,2013-04-01,2229.46,2243.949,2227.314,2234.395,7741177600,0.3729570346036996,245.1845129278138,224166.6666666667,547839.0497633426
2013-05,2013-05-02,2170.783,2179.647,2161.14,2174.123,6833793600,0.38329631457527163,245.56780924238907,225000.0,533894.6221334906
2013-06,2013-06-03,2300.209,2313.425,2294.113,2299.252,9688281600,0.36243671130147254,245.93024595369056,225833.33333333334,565455.6098695149
2013-07,2013-07-01,1965.987,1995.916,1957.571,1995.242,7805139200,0.4176602804739141,246.34790623416447,226666.6666666667,491523.6891304668
2013-08,2013-08-01,2000.818,2029.928,1997.058,2029.067,9125668800,0.41069779033089265,246.75860402449536,227500.0,500689.74039217073
2013-09,2013-09-02,2104.09,2108.683,2078.455,2098.448,14915852800,0.39711888659301225,247.15572291108836,228333.33333333334,518643.4324313275
2013-10,2013-10-08,2171.904,2200.018,2161.489,2198.199,12671020000,0.3790982223781074,247.53482113346647,229166.6666666667,544130.7962807649
2013-11,2013-11-01,2139.88,2157.313,2132.629,2149.562,8911848000,0.3876758769150801,247.92249701038153,230000.0,532924.7785186297
2013-12,2013-12-02,2203.122,2231.921,2172.633,2207.371,17428198400,0.377523005119363,248.3000200155009,230833.33333333334,548090.2634816363
2014-01,2014-01-02,2112.126,2113.11,2101.016,2109.387,6848548800,0.39505948094557014,248.69507949644648,231666.6666666667,524594.1676537708
2014-02,2014-02-07,2022.323,2044.73,2014.698,2044.497,7359875200,0.40759821771972926,249.10267771416622,232500.0,509289.67727857974
2014-03,2014-03-03,2052.075,2078.333,2047.067,2075.235,12746088800,0.40156094771596146,249.50423866188217,233333.33333333334,517779.92871949106
2014-04,2014-04-01,2031.005,2050.681,2028.096,2047.46,8328657600,0.40700835832364657,249.91124702020582,234166.6666666667,511683.28182399063
2014-05,2014-05-05,2022.178,2028.957,2007.351,2027.353,7993339200,0.4110450095929684,250.3222920297988,235000.0,507491.6497134887
2014-06,2014-06-03,2039.196,2049.576,2037.3,2038.305,7158412800,0.4088364269985764,250.7311284567974,235833.33333333334,511066.5127891324
2014-07,2014-07-01,2051.225,2052.635,2041.937,2050.381,9845740800,0.40642852881163716,251.13755698560902,236666.6666666667,514927.67522971
2014-08,2014-08-01,2194.17,2218.789,2184.641,2185.303,19147504000,0.3813353724098367,251.51889235801886,237500.0,549644.9900266556
2014-09,2014-09-01,2220.129,2236.286,2217.685,2235.511,12916658400,0.3727708489617512,251.8916632069806,238333.33333333334,563106.5839075004
2014-10,2014-10-08,2368.576,2382.794,2354.29,2382.794,20439732800,0.349729491233121,252.24139269821373,239166.6666666667,601039.2770729475
2014-11,2014-11-03,2425.225,2436.785,2418.167,2430.032,29882124800,0.3429310121567672,252.58432371037048,240000.0,613787.989314559
2014-12,2014-12-01,2691.725,2720.743,2668.841,2680.155,44679174400,0.31092729089673293,252.8952510012672,240833.33333333334,677798.4714473013
2015-01,2015-01-05,3258.627,3369.281,3253.883,3350.519,53135238400,0.24871768622512913,253.14396868749233,241666.6666666667,848163.676822848
2015-02,2015-02-02,3148.136,3175.134,3122.572,3128.3,25086163200,0.2663853637225756,253.4103540512149,242500.0,792743.6105784157
2015-03,2015-03-02,3332.721,3336.76,3298.669,3336.285,34644566400,0.2497788208541337,253.66013287206906,243333.33333333334,846282.4963990909
2015-04,2015-04-01,3748.34,3817.082,3742.213,3810.294,44745830400,0.21870578315828998,253.87883865522736,244166.6666666667,967353.0156549808
2015-05,2015-05-04,4441.343,4487.57,4387.426,4480.464,49417340800,0.18599264123834794,254.0648312964657,245000.0,1138328.330289888
2015-06,2015-06-01,4633.098,4829.502,4615.231,4828.738,59338905600,0.17257787300394706,254.23740916946966,245833.33333333334,1227645.8386781667
2015-07,2015-07-01,4214.15,4317.053,4043.367,4053.7,59876940800,0.2055735089753394,254.442982678445,246666.6666666667,1031435.5188836125
2015-08,2015-08-03,3614.99,3648.943,3549.496,3622.905,36396873600,0.2300179920073348,254.67300067045232,247500.0,922656.0874939851
2015-09,2015-09-01,3157.832,3180.331,3053.738,3166.624,43243248000,0.2631614404909877,254.93616211094331,248333.33333333334,807286.9694084037
2015-10,2015-10-08,3156.075,3172.281,3133.127,3143.357,23427604800,0.26510935071432656,255.20127146165765,249166.6666666667,802188.7030579018
2015-11,2015-11-02,3337.578,3391.064,3322.312,3325.085,23095113600,0.2506201595848928,255.45189162124254,250000.0,849399.2530514193
2015-12,2015-12-01,3442.441,3483.414,3417.545,3456.309,25239075200,0.24110498608004474,255.69299660732258,250833.33333333334,883754.0054108585
2016-01,2016-01-04,3536.589,3538.689,3295.741,3296.258,18441842300,0.2528119259273192,255.9458085332499,251666.6666666667,843663.4189441932
2016-02,2016-02-01,2730.984,2735.255,2655.623,2688.854,15638374400,0.30992137666579644,256.2557299099157,252500.0,689034.2443911964
2016-03,2016-03-01,2688.38,2747.562,2668.757,2733.17,18720744300,0.30489626819163584,256.5606261781073,253333.33333333334,701223.8066512176
2016-04,2016-04-01,2997.088,3009.673,2956.247,3009.53,20654586600,0.2768981646082057,256.83752434271554,254166.6666666667,772960.2346351327
2016-05,2016-05-03,2940.392,2993.535,2929.815,2992.643,16870364300,0.2784606561268195,257.11598499884235,255000.0,769456.3526948906
2016-06,2016-06-01,2917.154,2929.076,2909.512,2913.508,18838642100,0.2860240415792005,257.40200904042155,255833.33333333334,749942.8125553405
2016-07,2016-07-01,2931.802,2944.989,2925.81,2932.476,14124622700,0.28417396539079376,257.6861830058123,256666.6666666667,755658.5471961525
2016-08,2016-08-01,2971.949,2972.875,2931.963,2953.385,14740776300,0.2821621066448612,257.9683451124572,257500.0,761879.8409299544
2016-09,2016-09-01,3083.961,3088.704,3062.876,3063.305,15519109300,0.272037336580371,258.24038244903755,258333.33333333334,791069.054758049
2016-10,2016-10-10,3020.457,3048.236,3014.62,3048.143,16005110400,0.2733904981929435,258.5137729472305,259166.6666666667,787986.94741269
2016-11,2016-11-01,3101.664,3122.615,3097.042,3122.436,16023203200,0.2668856409973922,258.7806585882279,260000.0,808026.0444795919
2016-12,2016-12-01,3257.027,3279.671,3256.256,3273.309,23775986400,0.2545843772565723,259.03524296548443,260833.33333333334,847902.3921161069
2017-01,2017-01-03,3105.309,3136.456,3105.309,3135.921,14156718700,0.26573798680940414,259.30098095229386,261666.6666666667,813147.3914888982
2017-02,2017-02-03,3160.082,3162.677,3136.013,3140.17,9222473600,0.2653784136952246,259.56635936598906,262500.0,815082.4946902979
2017-03,2017-03-01,3240.073,3259.978,3237.871,3246.934,19067755000,0.25665237831546106,259.8230117443045,263333.3333333334,843628.1708149816
2017-04,2017-04-05,3235.66,3270.645,3233.237,3270.305,24832020200,0.25481823051162916,260.0778299748161,264166.6666666667,850533.8277557909
2017-05,2017-05-02,3147.228,3154.781,3136.539,3143.712,15422296200,0.26507941355102926,260.3429093883671,265000.0,818443.1283591223
2017-06,2017-06-01,3108.421,3113.521,3097.679,3102.623,16301571900,0.26858994255290874,260.61149933092,265833.3333333334,808579.2318885971
2017-07,2017-07-03,3191.998,3196.286,3177.024,3195.912,14030571700,0.26074977450359504,260.87224910542363,266666.6666666667,833724.7513830126
2017-08,2017-08-01,3274.369,3292.638,3273.504,3292.638,23719459400,0.2530898730237984,261.1253389784474,267500.0,859791.2138833171
2017-09,2017-09-01,3365.991,3381.925,3358.472,3367.119,28249758400,0.2474915003994018,261.3728304788468,268333.3333333334,880073.4235891043
2017-10,2017-10-09,3403.246,3410.17,3366.965,3374.378,19173605700,0.2469590938932548,261.6197895727401,269166.6666666667,882804.0622988837
2017-11,2017-11-01,3393.968,3410.352,3388.598,3395.913,18056612700,0.24539301605586875,261.86518258879596,270000.0,889271.3778006659
2017-12,2017-12-01,3315.105,3324.516,3302.44,3317.617,13919830000,0.2511843088980233,262.116366897694,270833.3333333334,869601.7147980268
2018-01,2018-01-02,3314.031,3349.053,3314.031,3348.326,20227886000,0.24888058490521334,262.3652474825992,271666.6666666667,878484.3796424215
2018-02,2018-02-01,3478.67,3495.093,3424.419,3446.98,26050470700,0.24175751914236038,262.6070050017416,272500.0,905201.0941009033
2018-03,2018-03-01,3235.089,3280.149,3228.585,3273.755,15909832000,0.25454969395490296,262.8615546956965,273333.3333333334,860544.3289928099
2018-04,2018-04-02,3169.779,3192.34,3159.986,3163.179,17772777700,0.26344804809760475,263.1250027437941,274166.6666666667,832311.4830541118
2018-05,2018-05-02,3087.409,3097.604,3064.763,3081.177,13418456600,0.27045941642863536,263.39546216022273,275000.0,811568.0399124486
2018-06,2018-06-01,3084.754,3102.088,3059.786,3075.137,12987219900,0.27099063662312717,263.6664527968459,275833.3333333334,810810.4646543342
2018-07,2018-07-02,2841.58,2845.68,2756.815,2775.557,13703503400,0.30024003590390447,263.9666928327498,276666.6666666667,732654.6020587885
2018-08,2018-08-01,2882.506,2897.4,2823.929,2824.534,14951434800,0.2950339182793811,264.2617267510292,277500.0,746416.2321069915
2018-09,2018-09-03,2716.404,2722.852,2692.364,2720.734,10221301100,0.3062898957903762,264.56801664681956,278333.3333333334,719819.198203568
2018-10,2018-10-08,2768.208,2771.938,2710.178,2716.51,14950138800,0.30676615706672655,264.87478280388626,279166.6666666667,719534.9962345852
2018-11,2018-11-01,2617.033,2636.799,2603.651,2606.237,20090393200,0.31974579953140614,265.19452860341767,280000.0,691159.7926437855
2018-12,2018-12-03,2647.132,2665.298,2629.184,2654.798,20747895500,0.31389707741731515,265.508425680835,280833.3333333334,704871.2374806294
2019-01,2019-01-02,2497.881,2500.278,2456.423,2465.291,10993201300,0.33802635605019177,265.8464520368852,281666.6666666667,655388.8655884648
2019-02,2019-02-01,2597.778,2618.477,2590.554,2618.232,13198685000,0.31828093665241786,266.1647329735376,282500.0,696881.0211427712
2019-03,2019-03-01,2954.402,2994.005,2930.835,2994.005,34578620000,0.27833398185151104,266.4430669553891,283333.3333333334,797731.8746797697
2019-04,2019-04-01,3111.662,3176.622,3111.662,3170.361,46612469300,0.2628512441748222,266.70591819956394,284166.6666666667,845554.0415290877
2019-05,2019-05-06,2984.727,2986.54,2876.469,2906.464,32697226900,0.2867172390001505,266.9926354385641,285000.0,776004.4831673107
2019-06,2019-06-03,2901.742,2920.829,2875.902,2890.081,21594355400,0.2883425527981165,267.2809779913622,285833.3333333334,772463.6761542541
2019-07,2019-07-01,3024.624,3045.367,3014.687,3044.903,25084043300,0.2736814057240357,267.55465939708625,286666.6666666667,814677.9850621661
2019-08,2019-08-01,2920.851,2927.342,2901.75,2908.766,14238981300,0.28649033072214586,267.8411497278084,287500.0,779087.2297291583
2019-09,2019-09-02,2886.942,2928.479,2883.682,2924.106,20278680700,0.28498738873807355,268.12613711654643,288333.3333333334,784029.2462993162
2019-10,2019-10-08,2905.756,2933.016,2905.756,2913.57,12553581200,0.28601795506314703,268.41215507160956,289166.6666666667,782037.6026519896
2019-11,2019-11-01,2924.34,2959.833,2917.146,2958.199,15990737300,0.28170293253879586,268.69385800414835,290000.0,794849.9020540137
2019-12,2019-12-02,2874.448,2888.89,2870.242,2875.807,12875580600,0.2897737342364538,268.9836317383848,290833.3333333334,773545.0110386692
2020-01,2020-01-02,3066.336,3098.1,3066.336,3085.198,29247020800,0.2701069212845767,269.2537386596694,291666.6666666667,830701.0960053348
2020-02,2020-02-03,2716.698,2766.577,2716.698,2746.606,21591210300,0.3034047596682354,269.55714341933765,292500.0,740367.2674584134
2020-03,2020-03-02,2899.31,2982.507,2899.31,2970.931,36733336900,0.2804956874910031,269.83763910682865,293333.3333333334,801669.0069892895
2020-04,2020-04-01,2743.541,2773.364,2731.079,2734.522,21725342700,0.3047455216426613,270.1423846284713,294166.6666666667,738710.2938990166
2020-05,2020-05-06,2831.633,2879.263,2830.654,2878.14,24982661600,0.2895388456896931,270.431923474161,295000.0,778340.9362279217
2020-06,2020-06-01,2871.964,2917.151,2871.964,2915.431,26019605000,0.28583538191551555,270.7177588560765,295833.3333333334,789258.94641953
2020-07,2020-07-01,2991.181,3026.186,2984.984,3025.981,27331314000,0.2753927844667013,270.9931516405432,296666.6666666667,820020.1279944027
2020-08,2020-08-03,3332.183,3368.103,3327.677,3367.966,40746086700,0.24742925947985622,271.2405809000231,297500.0,913529.0542915271
2020-09,2020-09-01,3389.742,3410.607,3381.711,3410.607,24699924900,0.2443357834348353,271.4849166834579,298333.3333333334,925928.3572350184
2020-10,2020-10-09,3262.611,3280.512,3260.187,3272.076,18832564800,0.25468031101152094,271.7395969944694,299166.6666666667,889152.6135752755
2020-11,2020-11-02,3228.715,3242.804,3209.909,3225.12,22677913700,0.25838831836748194,271.99798531283693,300000.0,877226.1423921366
2020-12,2020-12-01,3388.987,3457.635,3386.911,3451.938,31618898000,0.24141028411672902,272.23939559695367,300833.3333333334,939753.5147581571
2021-01,2021-01-04,3474.679,3511.655,3457.206,3502.958,38079080000,0.2378941835252759,272.47728978047894,301666.6666666667,954476.502054847
2021-02,2021-02-01,3477.172,3506.389,3469.875,3505.284,27756790100,0.23773632417040483,272.7150261046493,302500.0,955943.6175642096
2021-03,2021-03-01,3531.48,3552.567,3511.989,3551.4,31548752600,0.23464924630662087,272.94967535095594,303333.3333333334,969353.4770413849
2021-04,2021-04-01,3444.81,3470.031,3438.826,3466.332,27524429500,0.24040782398608482,273.190083174942,304166.6666666667,946967.527391963
2021-05,2021-05-06,3446.074,3471.24,3426.849,3441.283,31042419200,0.24215774562374945,273.43224092056573,305000.0,940957.7223318472
2021-06,2021-06-01,3608.598,3626.074,3581.912,3624.714,35281141300,0.22990319604066234,273.6621441166064,305833.3333333334,991947.0050494808
2021-07,2021-07-01,3600.546,3607.705,3573.937,3588.782,29188319200,0.23220505824353035,273.89434917484994,306666.6666666667,982947.1102204163
2021-08,2021-08-02,3385.69,3464.291,3367.643,3464.285,43292787100,0.24054987777660713,274.13489905262657,307500.0,949681.4187645284
2021-09,2021-09-01,3543.866,3582.324,3514.674,3567.101,66727630500,0.23361641101088346,274.36851546363744,308333.3333333334,978700.2058788566
2021-10,2021-10-08,3609.087,3612.554,3571.734,3592.167,40716114800,0.23198624488597924,274.60050170852344,309166.6666666667,986410.8604208014
2021-11,2021-11-01,3530.396,3556.59,3519.29,3544.48,38225132500,0.23510735942460767,274.83560906794804,310000.0,974149.3196291605
2021-12,2021-12-01,3561.886,3576.885,3558.691,3576.885,32987351700,0.23297739047616384,275.0685864584242,310833.3333333334,983888.7008743407
2022-01,2022-01-04,3649.151,3651.892,3610.092,3632.329,40502776900,0.22942121524050638,275.2980076736647,311666.6666666667,999972.9369152748
2022-02,2022-02-07,3407.762,3434.026,3407.762,3429.581,32048521100,0.2429840068898601,275.54099168055455,312500.0,944990.149788788
2022-03,2022-03-01,3471.365,3491.132,3465.715,3488.835,32600166200,0.2388571925394389,275.779848873094,313333.3333333334,962150.389043161
2022-04,2022-04-01,3234.668,3287.229,3226.297,3282.717,37821046000,0.25385475913194266,276.033703632226,314166.6666666667,906140.53148647
2022-05,2022-05-05,3044.849,3082.23,3042.116,3067.759,38307287500,0.27164237260271534,276.3053460048287,315000.0,847638.2119544273
2022-06,2022-06-01,3179.695,3190.609,3160.04,3182.157,36566443200,0.26187687575859186,276.56722288058734,315833.3333333334,880080.3242600212
2022-07,2022-07-01,3400.262,3404.052,3378.362,3387.637,35048929900,0.24599251139757103,276.8132153919849,316666.6666666667,937742.6905508576
2022-08,2022-08-01,3246.616,3264.304,3225.553,3259.959,29220480500,0.2556269368213936,277.0688423288063,317500.0,903233.066169373
2022-09,2022-09-01,3196.537,3214.558,3181.626,3184.98,27466054100,0.2616447617672115,277.3304870905735,318333.3333333334,883292.0547737349
2022-10,2022-10-10,3026.935,3029.448,2968.281,2974.145,24340482800,0.28019257075002507,277.61067966132356,319166.6666666667,825654.4148613272
2022-11,2022-11-01,2899.499,2969.2,2896.757,2969.2,31980957800,0.28065921235798647,277.89133887368155,320000.0,825114.9633837352
2022-12,2022-12-01,3187.99,3198.409,3164.535,3165.471,38701305600,0.26325729514923163,278.1545961688308,320833.3333333334,880490.307689145
2023-01,2023-01-03,3087.513,3119.856,3073.054,3116.512,28137036200,0.2673929486982028,278.421989117529,321666.6666666667,867705.4701486486
2023-02,2023-02-01,3262.196,3284.922,3245.411,3284.921,33950941000,0.25368443665261153,278.6756735541816,322500.0,915427.5722472758
2023-03,2023-03-01,3279.136,3315.16,3272.035,3312.348,31839870400,0.25158387142091754,278.92725742560253,323333.3333333334,923904.1432791797
2023-04,2023-04-03,3277.34,3299.732,3276.416,3296.396,35767677500,0.2528013422335585,279.1800587678361,324166.6666666667,920288.02900206
2023-05,2023-05-04,3306.483,3352.746,3302.028,3350.459,48336491600,0.2487221402599863,279.4287809080961,325000.0,936214.6738525587
2023-06,2023-06-01,3196.155,3225.093,3189.517,3204.635,31233075900,0.2600400149575017,279.6888209230536,325833.3333333334,896300.5846387498
2023-07,2023-07-03,3209.162,3246.861,3209.162,3243.975,31237139500,0.2568864844313946,279.945707407485,326666.6666666667,908136.876187196
2023-08,2023-08-01,3288.76,3305.34,3279.566,3290.949,45989083300,0.25321976528148366,280.19892717276645,327500.0,922120.3791802885
2023-09,2023-09-01,3126.023,3143.846,3123.19,3133.247,29231099200,0.2659647749868853,280.46489194775336,328333.3333333334,878765.7813006223
2023-10,2023-10-09,3100.0,3103.36,3072.642,3096.922,26442220500,0.2690843790490472,280.7339763268024,329166.6666666667,869411.2274339536
2023-11,2023-11-01,3038.182,3038.33,3013.933,3023.077,28011044500,0.2756573297118576,281.00963365651427,330000.0,849513.7602854342
2023-12,2023-12-01,3027.353,3035.76,3010.233,3031.636,28608970000,0.27487908618756784,281.28451274270185,330833.3333333334,852752.2550732336
2024-01,2024-01-02,2972.775,2976.268,2962.276,2962.276,30414179300,0.2813152229344374,281.5658279656363,331666.6666666667,834075.6946027331
2024-02,2024-02-01,2773.424,2805.015,2752.782,2770.74,35288918500,0.3007620106301325,281.8665899762664,332500.0,780979.0355108404
2024-03,2024-03-01,3013.823,3032.232,3003.763,3027.02,37913218400,0.27529825813286113,282.1418882343993,333333.3333333334,854049.1385232913
2024-04,2024-04-01,3049.021,3078.488,3049.021,3077.379,37539364000,0.2707932085496565,282.41268144294895,334166.6666666667,869090.8552062208
2024-05,2024-05-06,3132.512,3142.382,3126.769,3140.72,45065689900,0.2653319408713077,282.67801338382026,335000.0,887812.4901948319
2024-06,2024-06-03,3085.981,3097.204,3061.277,3078.489,35756336200,0.27069556959057944,282.94870895341086,335833.3333333334,871054.4880772769
2024-07,2024-07-01,2965.245,2996.409,2961.856,2994.73,29778223500,0.27826659943745624,283.22697555284833,336666.6666666667,848188.3204973815
2024-08,2024-08-01,2940.12,2947.877,2928.826,2932.387,34662113700,0.28418259026974724,283.51115814311805,337500.0,831364.4344938236
2024-09,2024-09-02,2832.35,2839.278,2810.374,2811.035,34071419300,0.29645071417941554,283.80760885729745,338333.3333333334,797793.1217641731
2024-10,2024-10-08,3674.405,3674.405,3372.187,3489.775,131346019500,0.23879285436262607,284.04640171166005,339166.6666666667,991258.0315333084
2024-11,2024-11-01,3275.577,3305.318,3258.735,3272.014,85205532000,0.25468513684028654,284.30108684850035,340000.0,930237.136383509
2024-12,2024-12-02,3328.482,3369.303,3323.009,3363.982,66847776200,0.24772229260838297,284.54880914110873,340833.3333333334,957217.0720721253
2025-01,2025-01-02,3347.939,3351.722,3242.087,3262.561,56137519900,0.2554230659084484,284.8042322070172,341666.6666666667,929191.1806335583
2025-02,2025-02-05,3270.16,3271.022,3220.279,3229.488,40638818100,0.2580388387674249,285.06227104578466,342500.0,920605.1835951089
2025-03,2025-03-03,3328.396,3349.017,3304.593,3316.925,50241786200,0.2512367127183561,285.313507758503,343333.3333333334,946363.5067218727
2025-04,2025-04-01,3340.712,3357.622,3338.779,3348.435,42258867000,0.24887248321479538,285.5623802417178,344166.6666666667,956187.0686846763
2025-05,2025-05-06,3295.25,3316.448,3286.989,3316.114,47436961700,0.25129815601433886,285.81367839773213,345000.0,947790.7403262171
